Date,Temperature,Dew Point,Humidity,Wind Speed,Pressure,Precipitation
12/1/2006,46.4,41.6,83.4,9.1,29.9,0.00
12/2/2006,49.9,45.1,83.6,6.9,29.7,0.00
12/3/2006,49.5,46.0,88.3,14.9,29.4,0.00
12/4/2006,53.2,48.9,84.6,15.8,29.4,0.00
12/5/2006,55.9,51.1,83.7,16.2,29.3,0.00
12/6/2006,47.5,42.9,83.7,10.3,29.4,0.00
12/7/2006,47.6,44.1,88.1,16.3,29.3,0.00
12/8/2006,48.5,44.1,85.5,16.7,29.0,0.00
12/9/2006,40.9,37.4,87.6,6.7,29.5,0.00
12/10/2006,39.0,32.0,90.2,5.8,30.0,0.00
12/11/2006,43.3,38.9,83.9,13.9,29.9,0.00
12/12/2006,41.9,40.0,93.4,8.2,29.9,0.00
12/13/2006,43.9,41.3,90.7,7.3,30.1,0.00
12/14/2006,38.9,36.4,90.3,5.9,30.1,0.00
12/15/2006,28.9,22.8,88.3,5.3,30.0,0.00
12/16/2006,42.2,39.5,90.0,8.5,29.9,0.00
12/17/2006,25.1,30.0,93.6,3.4,30.0,0.00
12/18/2006,38.1,33.4,91.6,5.0,30.0,0.00
12/19/2006,36.0,19.8,82.3,11.5,30.1,0.00
12/20/2006,36.6,27.9,76.3,10.9,30.3,0.00
12/21/2006,39.9,32.9,81.0,10.9,30.3,0.00
12/22/2006,40.0,26.4,77.8,11.8,30.3,0.00
12/23/2006,35.2,15.5,89.3,8.0,30.3,0.00
12/24/2006,36.0,14.9,89.3,4.3,30.2,0.00
12/25/2006,29.1,5.3,91.8,5.6,30.2,0.00
12/26/2006,7.5,29.6,91.8,4.9,30.2,0.00
12/27/2006,32.2,28.4,87.8,4.6,30.1,0.00
12/28/2006,29.1,27.6,92.7,4.7,30.1,0.00
12/29/2006,35.5,21.6,80.8,6.3,29.9,0.00
12/30/2006,48.0,38.7,78.5,15.8,29.8,0.00
12/31/2006,49.9,46.8,88.8,13.9,30.0,0.00
1/1/2007,49.9,42.9,77.4,16.4,29.8,0.00
1/2/2007,43.6,38.5,83.1,13.2,30.0,0.00
1/3/2007,43.3,39.8,88.0,9.8,30.1,0.00
1/4/2007,48.4,43.2,81.9,12.4,29.7,0.00
1/5/2007,49.8,45.5,85.4,10.7,29.9,0.00
1/6/2007,52.7,49.4,89.5,13.0,29.8,0.00
1/7/2007,46.0,42.4,87.0,9.3,29.8,0.00
1/8/2007,51.5,47.8,88.3,14.5,29.4,0.00
1/9/2007,54.6,50.5,85.7,12.8,29.6,0.00
1/10/2007,49.7,44.8,84.0,10.8,29.8,0.00
1/11/2007,46.0,41.6,85.6,15.3,29.9,0.00
1/12/2007,50.5,45.8,84.6,10.1,30.0,0.00
1/13/2007,51.8,48.2,89.2,9.6,29.9,0.00
1/14/2007,45.8,40.4,82.8,4.9,30.1,0.00
1/15/2007,32.8,33.4,89.8,3.3,30.0,0.00
1/16/2007,45.4,42.1,88.0,6.8,29.8,0.00
1/17/2007,52.4,48.7,88.4,15.8,29.7,0.00
1/18/2007,55.9,52.4,87.0,22.6,29.4,0.00
1/19/2007,56.0,52.7,86.9,14.7,29.8,0.00
1/20/2007,53.0,48.1,83.8,13.5,29.8,0.00
1/21/2007,45.1,37.7,76.4,12.8,29.7,0.00
1/22/2007,40.2,36.9,88.0,6.0,29.6,0.00
1/23/2007,35.0,15.6,50.1,22.2,29.5,0.00
1/24/2007,33.7,20.8,85.1,8.3,29.5,0.00
1/25/2007,29.3,22.6,75.9,13.3,29.8,0.00
1/26/2007,30.2,23.1,76.3,6.0,29.9,0.00
1/27/2007,39.2,24.6,84.2,6.0,30.1,0.00
1/28/2007,37.1,31.1,86.9,7.2,30.1,0.00
1/29/2007,44.0,39.2,84.0,4.3,30.0,0.00
1/30/2007,45.0,41.6,87.5,6.2,29.9,0.00
1/31/2007,45.0,38.8,79.6,4.0,29.9,0.00
2/1/2007,47.3,43.3,86.9,4.0,30.0,0.00
2/2/2007,49.1,46.5,91.0,4.0,30.1,0.00
2/3/2007,44.5,37.0,75.6,14.2,30.2,0.00
2/4/2007,41.8,35.8,79.8,8.9,30.0,0.00
2/5/2007,41.3,37.0,85.5,6.3,29.7,0.00
2/6/2007,40.9,36.6,85.3,4.3,29.4,0.00
2/7/2007,35.3,16.3,87.3,7.4,29.2,0.00
2/8/2007,43.6,33.4,78.5,13.3,29.0,0.00
2/9/2007,43.1,39.4,86.4,5.0,29.3,0.00
2/10/2007,47.6,42.6,83.2,10.7,29.3,0.00
2/11/2007,49.8,44.4,81.3,16.1,29.2,0.00
2/12/2007,49.6,42.9,78.2,19.1,29.1,0.00
2/13/2007,47.3,39.5,74.8,12.2,29.5,0.00
2/14/2007,47.3,43.4,86.4,13.1,29.3,0.00
2/15/2007,41.9,33.5,81.5,6.8,29.8,0.00
2/16/2007,45.2,28.8,71.3,5.8,29.6,0.00
2/17/2007,50.7,34.2,61.4,4.7,29.5,0.00
2/18/2007,49.6,42.8,78.6,3.8,29.6,0.00
2/19/2007,44.8,42.1,90.4,4.1,29.6,0.00
2/20/2007,46.1,41.0,82.9,3.2,29.5,0.00
2/21/2007,49.5,41.9,76.1,7.7,29.5,0.00
2/22/2007,45.4,40.8,84.0,8.0,29.5,0.00
2/23/2007,48.7,44.5,85.0,9.8,29.4,0.00
2/24/2007,51.0,45.3,81.1,14.4,29.2,0.00
2/25/2007,47.0,42.4,83.8,13.9,29.2,0.00
2/26/2007,47.5,41.1,78.8,11.7,29.6,0.00
2/27/2007,47.4,44.4,89.9,12.1,29.6,0.00
2/28/2007,51.8,46.5,82.8,16.9,29.3,0.00
3/1/2007,49.3,43.3,80.1,15.4,29.2,0.00
3/2/2007,45.9,41.6,85.5,9.3,29.4,0.00
3/3/2007,51.5,42.6,73.1,15.2,29.5,0.00
3/4/2007,51.0,43.3,76.6,7.7,29.6,0.00
3/5/2007,51.0,41.5,71.1,16.0,29.7,0.00
3/6/2007,48.5,42.6,79.5,17.9,29.4,0.00
3/7/2007,45.2,37.5,69.4,8.0,29.3,0.00
3/8/2007,45.2,37.6,77.1,6.0,29.8,0.00
3/9/2007,46.6,37.4,77.5,9.0,30.0,0.00
3/10/2007,45.6,34.4,69.8,5.0,30.3,0.00
3/11/2007,45.9,33.9,75.3,2.8,30.2,0.00
3/12/2007,46.5,34.2,71.3,2.1,29.9,0.00
3/13/2007,47.4,38.3,73.8,5.2,30.0,0.00
3/14/2007,49.1,39.1,72.2,7.8,30.2,0.00
3/15/2007,48.1,36.6,65.7,4.6,30.0,0.00
3/16/2007,45.3,33.7,74.8,5.3,30.0,0.00
3/17/2007,48.0,43.5,85.2,8.7,30.0,0.00
3/18/2007,47.6,39.8,78.4,14.8,29.5,0.00
3/19/2007,39.0,16.8,78.7,12.6,29.1,0.00
3/20/2007,38.1,25.8,81.9,11.6,29.3,0.00
3/21/2007,39.9,18.2,76.6,13.9,29.6,0.00
3/22/2007,42.3,21.4,59.5,11.0,29.7,0.00
3/23/2007,39.1,33.3,80.3,9.8,29.6,0.00
3/24/2007,41.3,34.9,86.5,11.0,29.6,0.00
3/25/2007,45.2,38.1,77.3,9.1,29.6,0.00
3/26/2007,46.9,38.5,73.9,6.0,29.6,0.00
3/27/2007,50.3,39.5,70.0,2.9,29.6,0.00
3/28/2007,50.7,40.1,70.3,3.9,29.6,0.00
3/29/2007,47.9,41.1,78.0,6.6,29.6,0.00
3/30/2007,41.3,36.6,83.3,5.6,29.5,0.00
3/31/2007,41.3,35.8,85.4,5.1,29.7,0.00
4/1/2007,51.6,42.8,73.8,8.5,29.8,0.00
4/2/2007,55.9,43.3,64.0,8.6,29.8,0.00
4/3/2007,50.2,36.3,64.2,14.9,29.7,0.00
4/4/2007,46.0,28.7,62.1,18.7,29.7,0.00
4/5/2007,49.9,26.6,51.4,10.8,29.8,0.00
4/6/2007,54.5,40.7,62.6,7.3,29.8,0.00
4/7/2007,51.2,40.1,67.8,11.9,29.9,0.00
4/8/2007,51.3,36.9,60.4,10.8,29.9,0.00
4/9/2007,53.0,37.5,59.8,3.4,29.8,0.00
4/10/2007,55.9,42.2,62.9,5.6,29.8,0.00
4/11/2007,57.4,45.8,67.0,8.8,29.8,0.00
4/12/2007,61.2,46.4,61.0,6.0,29.7,0.00
4/13/2007,64.3,51.2,63.9,4.5,29.7,0.00
4/14/2007,65.8,53.5,66.6,5.2,29.7,0.00
4/15/2007,67.2,55.2,68.7,4.3,29.8,0.00
4/16/2007,66.5,52.7,62.1,8.7,29.8,0.00
4/17/2007,59.9,47.4,63.9,11.3,29.8,0.00
4/18/2007,54.4,38.9,58.4,8.8,29.9,0.00
4/19/2007,55.3,35.7,53.6,4.9,29.8,0.00
4/20/2007,57.6,40.2,54.3,9.5,29.8,0.00
4/21/2007,57.6,37.6,49.9,6.5,29.8,0.00
4/22/2007,59.7,41.5,55.4,2.4,29.8,0.00
4/23/2007,65.0,49.3,58.9,3.4,29.8,0.00
4/24/2007,66.8,51.1,60.0,3.4,29.7,0.00
4/25/2007,68.4,49.9,55.1,5.3,29.6,0.00
4/26/2007,64.8,52.4,65.3,6.7,29.6,0.00
4/27/2007,68.3,52.8,61.8,5.9,29.7,0.00
4/28/2007,68.3,52.4,61.0,3.7,29.8,0.00
4/29/2007,63.8,53.9,71.5,6.1,29.7,0.00
4/30/2007,63.1,52.6,71.6,7.4,29.5,0.00
5/1/2007,63.3,40.4,44.5,10.7,29.5,0.00
5/2/2007,61.8,40.0,46.0,9.6,29.5,0.00
5/3/2007,59.4,44.7,62.3,5.7,29.5,0.00
5/4/2007,57.8,48.4,72.9,12.6,29.5,0.00
5/5/2007,54.8,47.3,77.2,13.7,29.6,0.00
5/6/2007,55.4,45.8,71.3,8.5,29.8,0.00
5/7/2007,59.5,53.3,79.5,13.5,29.7,0.00
5/8/2007,61.4,53.8,77.5,13.7,29.7,0.00
5/9/2007,61.5,53.7,76.0,15.1,29.7,0.00
5/10/2007,62.6,50.9,67.7,12.3,29.6,0.00
5/11/2007,58.9,46.6,64.5,16.4,29.5,0.00
5/12/2007,60.5,49.4,68.2,13.6,29.5,0.00
5/13/2007,59.9,49.1,69.8,11.3,29.3,0.00
5/14/2007,57.1,47.4,71.4,14.9,29.4,0.00
5/15/2007,53.5,45.8,76.3,11.0,29.7,0.00
5/16/2007,56.2,49.3,79.7,11.0,29.6,0.00
5/17/2007,59.0,55.5,89.0,10.8,29.6,0.00
5/18/2007,65.5,59.8,82.7,6.5,29.7,0.00
5/19/2007,62.6,53.4,71.9,5.3,29.6,0.00
5/20/2007,55.5,49.0,79.5,9.9,29.6,0.00
5/21/2007,62.9,56.5,81.0,6.6,29.6,0.00
5/22/2007,64.0,56.5,78.3,6.9,29.8,0.00
5/23/2007,63.8,55.3,75.3,9.0,29.8,0.00
5/24/2007,68.6,56.0,65.8,6.8,29.6,0.00
5/25/2007,68.4,57.8,71.7,4.6,29.4,0.00
5/26/2007,62.6,57.1,83.4,7.6,29.3,0.00
5/27/2007,53.0,47.9,83.3,10.9,29.2,0.00
5/28/2007,51.5,47.4,86.7,10.2,29.1,0.00
5/29/2007,53.2,40.6,65.5,10.6,29.5,0.00
5/30/2007,54.4,50.1,84.5,8.7,29.5,0.00
5/31/2007,56.1,50.1,82.1,6.1,29.5,0.00
6/1/2007,57.0,49.1,76.8,8.0,29.7,0.00
6/2/2007,63.7,52.9,70.0,8.4,29.9,0.00
6/3/2007,67.2,55.5,67.5,6.7,29.8,0.00
6/4/2007,67.8,58.5,73.2,9.9,29.8,0.00
6/5/2007,67.9,57.8,71.2,11.5,29.7,0.00
6/6/2007,68.9,57.5,69.5,12.8,29.6,0.00
6/7/2007,65.6,59.4,81.5,10.9,29.6,0.00
6/8/2007,67.7,62.4,82.6,6.4,29.7,0.00
6/9/2007,67.8,59.6,76.0,6.7,29.7,0.00
6/10/2007,67.5,58.8,75.4,6.7,29.6,0.00
6/11/2007,68.4,60.3,77.3,5.0,29.6,0.00
6/12/2007,66.3,58.4,77.4,6.9,29.6,0.00
6/13/2007,66.9,58.0,75.8,3.4,29.5,0.00
6/14/2007,66.5,61.8,85.2,6.0,29.3,0.00
6/15/2007,63.5,56.7,80.0,11.8,29.3,0.00
6/16/2007,62.3,53.4,73.3,13.0,29.4,0.00
6/17/2007,61.4,54.7,80.5,6.4,29.4,0.00
6/18/2007,68.4,57.6,71.7,8.0,29.5,0.00
6/19/2007,71.7,59.7,69.6,7.1,29.5,0.00
6/20/2007,67.5,55.0,66.3,8.0,29.6,0.00
6/21/2007,65.5,53.0,66.3,9.0,29.6,0.00
6/22/2007,60.3,54.6,82.0,9.8,29.5,0.00
6/23/2007,63.0,54.3,75.2,11.7,29.6,0.00
6/24/2007,63.8,53.9,71.2,8.8,29.5,0.00
6/25/2007,62.1,50.8,69.0,16.4,29.3,0.00
6/26/2007,57.3,50.5,78.4,13.3,29.4,0.00
6/27/2007,58.0,47.9,71.4,10.1,29.5,0.00
6/28/2007,60.2,49.1,68.0,10.7,29.6,0.00
6/29/2007,61.4,53.0,73.9,11.2,29.6,0.00
6/30/2007,65.5,57.7,77.4,8.4,29.6,0.00
7/1/2007,66.2,58.0,76.1,10.1,29.5,0.00
7/2/2007,63.9,53.6,72.7,12.8,29.4,0.00
7/3/2007,60.3,55.1,83.1,9.5,29.4,0.00
7/4/2007,59.1,50.7,74.2,13.5,29.5,0.00
7/5/2007,60.5,51.2,72.2,14.8,29.7,0.00
7/6/2007,63.6,51.6,68.0,13.4,29.6,0.00
7/7/2007,62.4,49.6,64.1,4.7,29.7,0.00
7/8/2007,61.5,51.4,70.7,7.0,29.7,0.00
7/9/2007,56.4,51.1,83.3,6.7,29.7,0.00
7/10/2007,56.6,52.0,85.5,7.0,29.6,0.00
7/11/2007,60.6,52.5,75.2,9.7,29.7,0.00
7/12/2007,63.3,56.2,78.0,8.8,29.7,0.00
7/13/2007,72.2,59.6,67.7,7.6,29.6,0.00
7/14/2007,74.8,61.3,63.9,5.8,29.6,0.00
7/15/2007,76.8,59.7,59.7,8.1,29.5,0.00
7/16/2007,70.5,60.5,71.9,8.2,29.5,0.00
7/17/2007,66.8,54.8,69.3,10.0,29.7,0.00
7/18/2007,68.3,52.2,58.4,5.7,29.8,0.00
7/19/2007,70.9,55.0,58.7,7.0,29.7,0.00
7/20/2007,67.3,56.5,69.8,9.7,29.6,0.00
7/21/2007,63.0,49.6,65.0,6.9,29.7,0.00
7/22/2007,63.0,50.3,65.0,8.2,29.6,0.00
7/23/2007,61.7,55.8,82.0,9.5,29.2,0.00
7/24/2007,64.3,54.7,73.1,11.3,29.4,0.00
7/25/2007,64.2,54.0,72.7,7.4,29.7,0.00
7/26/2007,67.6,55.5,66.7,12.0,29.6,0.00
7/27/2007,66.6,57.8,74.5,10.1,29.6,0.00
7/28/2007,67.6,57.0,69.6,11.4,29.7,0.00
7/29/2007,64.4,57.6,79.3,11.9,29.7,0.00
7/30/2007,61.0,46.8,64.1,6.3,29.8,0.00
7/31/2007,61.8,44.8,57.0,7.3,29.8,0.00
8/1/2007,67.4,47.9,50.8,6.4,29.6,0.00
8/2/2007,66.2,55.9,71.2,7.5,29.6,0.00
8/3/2007,64.6,53.5,69.8,4.2,29.8,0.00
8/4/2007,68.8,54.0,63.7,3.5,29.9,0.00
8/5/2007,75.9,56.2,54.0,6.6,29.6,0.00
8/6/2007,65.6,59.9,81.7,4.9,29.5,0.00
8/7/2007,62.4,51.6,71.0,5.6,29.6,0.00
8/8/2007,58.5,54.7,87.5,8.3,29.7,0.00
8/9/2007,59.8,49.8,70.4,10.1,29.7,0.00
8/10/2007,60.9,55.5,82.6,9.9,29.7,0.00
8/11/2007,64.7,58.2,80.5,3.9,29.6,0.00
8/12/2007,65.1,59.3,82.8,3.4,29.5,0.00
8/13/2007,63.4,52.9,71.2,5.6,29.6,0.00
8/14/2007,64.1,56.3,76.9,11.1,29.5,0.00
8/15/2007,66.6,63.4,88.9,14.0,29.3,0.00
8/16/2007,62.0,54.4,76.7,11.4,29.5,0.00
8/17/2007,60.4,50.3,70.6,8.4,29.8,0.00
8/18/2007,61.3,50.9,71.2,6.6,29.7,0.00
8/19/2007,61.8,56.1,82.1,10.5,29.5,0.00
8/20/2007,58.3,53.2,82.2,10.4,29.4,0.00
8/21/2007,61.6,53.6,76.0,6.7,29.4,0.00
8/22/2007,62.2,59.7,91.9,9.6,29.4,0.00
8/23/2007,62.5,60.4,93.2,7.0,29.5,0.00
8/24/2007,65.1,60.9,86.8,3.4,29.8,0.00
8/25/2007,65.2,58.9,81.6,3.9,30.0,0.00
8/26/2007,68.2,60.5,77.9,5.1,30.0,0.00
8/27/2007,64.8,54.0,70.3,9.6,29.9,0.00
8/28/2007,60.9,50.8,70.6,12.4,29.7,0.00
8/29/2007,60.6,46.0,60.4,14.2,29.7,0.00
8/30/2007,60.4,47.3,63.2,8.6,29.8,0.00
8/31/2007,64.3,54.5,71.3,8.0,29.9,0.00
9/1/2007,63.4,56.2,78.6,6.9,29.9,0.00
9/2/2007,62.7,54.9,77.1,5.0,29.8,0.00
9/3/2007,59.7,50.9,73.8,9.9,29.7,0.00
9/4/2007,57.5,43.5,61.5,10.4,29.9,0.00
9/5/2007,57.7,46.3,67.0,5.3,30.1,0.00
9/6/2007,64.1,58.3,81.7,7.6,30.0,0.00
9/7/2007,64.2,55.4,74.1,11.9,30.0,0.00
9/8/2007,65.1,54.5,70.0,7.8,29.9,0.00
9/9/2007,62.5,52.9,72.5,8.8,29.9,0.00
9/10/2007,58.8,51.0,76.3,7.7,29.8,0.00
9/11/2007,58.1,48.1,71.2,6.7,29.9,0.00
9/12/2007,58.4,49.0,72.9,8.5,29.9,0.00
9/13/2007,61.0,48.9,66.8,7.8,29.9,0.00
9/14/2007,61.8,50.4,68.8,5.7,29.8,0.00
9/15/2007,62.9,54.3,74.7,3.4,29.9,0.00
9/16/2007,64.5,52.1,68.7,5.7,29.7,0.00
9/17/2007,61.3,52.5,74.0,7.3,29.5,0.00
9/18/2007,53.9,46.3,76.9,8.0,29.8,0.00
9/19/2007,50.3,41.9,75.0,5.3,29.9,0.00
9/20/2007,55.4,42.6,65.4,5.8,29.9,0.00
9/21/2007,56.9,46.3,71.4,2.8,29.8,0.00
9/22/2007,57.7,51.4,80.3,3.6,29.8,0.00
9/23/2007,61.8,54.4,78.1,4.9,29.8,0.00
9/24/2007,58.4,52.3,80.3,9.0,29.7,0.00
9/25/2007,53.8,46.4,77.3,7.6,29.7,0.00
9/26/2007,50.6,46.3,85.8,9.2,29.6,0.00
9/27/2007,52.9,45.6,76.9,12.8,29.6,0.00
9/28/2007,55.0,51.2,87.2,11.8,29.4,0.00
9/29/2007,55.4,50.1,83.3,6.9,29.6,0.00
9/30/2007,54.7,46.3,75.4,4.6,29.8,0.00
10/1/2007,62.9,58.8,86.4,4.5,29.8,0.00
10/2/2007,64.5,61.9,91.9,2.5,29.7,0.00
10/3/2007,63.1,60.3,91.0,2.6,29.7,0.00
10/4/2007,59.5,56.0,89.4,6.3,29.8,0.00
10/5/2007,57.7,53.3,85.7,11.6,29.2,0.00
10/6/2007,57.0,49.4,77.2,7.7,29.8,0.00
10/7/2007,55.0,47.2,77.1,3.6,29.8,0.00
10/8/2007,53.6,48.1,82.9,4.6,29.9,0.00
10/9/2007,56.5,50.0,80.3,5.8,29.9,0.00
10/10/2007,54.6,49.9,84.6,6.9,29.9,0.00
10/11/2007,54.8,50.5,86.2,7.0,30.0,0.00
10/12/2007,53.4,49.2,85.7,4.8,29.9,0.00
10/13/2007,57.3,52.6,84.6,6.3,29.9,0.00
10/14/2007,55.0,49.1,81.3,4.3,29.8,0.00
10/15/2007,52.3,48.4,87.2,6.2,29.7,0.00
10/16/2007,55.8,49.4,80.4,6.1,29.7,0.00
10/17/2007,55.3,50.5,84.0,9.8,29.8,0.00
10/18/2007,50.4,41.9,73.3,6.7,30.1,0.00
10/19/2007,47.4,41.8,81.4,5.8,30.2,0.00
10/20/2007,45.5,29.9,70.6,8.7,30.2,0.00
10/21/2007,43.1,24.2,68.7,4.1,30.1,0.00
10/22/2007,46.0,29.8,68.5,7.6,29.9,0.00
10/23/2007,42.6,22.1,71.3,10.4,29.8,0.00
10/24/2007,43.7,36.2,75.3,12.2,29.8,0.00
10/25/2007,47.5,40.3,76.4,10.3,29.8,0.00
10/26/2007,48.8,42.7,78.7,6.8,29.8,0.00
10/27/2007,47.9,41.8,78.8,2.8,30.0,0.00
10/28/2007,46.4,41.0,81.9,5.7,29.9,0.00
10/29/2007,48.8,46.2,90.7,9.7,29.6,0.00
10/30/2007,48.1,43.3,83.7,7.6,29.8,0.00
10/31/2007,45.9,39.7,80.4,5.5,30.1,0.00
10/1/2007,39.0,37.0,93.0,1.0,30.1,0.00
11/1/2007,47.2,43.6,87.4,3.7,30.1,0.00
11/2/2007,53.9,47.7,80.5,6.1,30.2,0.00
11/3/2007,54.8,51.3,87.7,6.3,30.1,0.00
11/4/2007,52.4,44.5,76.3,9.1,30.0,0.00
11/5/2007,46.9,38.0,73.3,5.2,30.0,0.00
11/6/2007,47.2,38.8,75.2,8.3,30.1,0.00
11/7/2007,46.3,41.2,82.4,8.3,30.0,0.00
11/8/2007,51.3,47.1,87.3,10.4,29.8,0.00
11/9/2007,44.0,31.7,67.5,12.9,29.9,0.00
11/10/2007,49.0,43.5,82.0,12.0,29.9,0.00
11/11/2007,51.6,45.8,81.8,13.2,29.7,0.00
11/12/2007,42.8,30.4,75.5,6.7,29.9,0.00
11/13/2007,40.6,32.3,87.1,9.0,29.7,0.00
11/14/2007,43.3,28.6,73.4,11.1,29.6,0.00
11/15/2007,35.9,27.8,74.1,9.4,29.9,0.00
11/16/2007,31.6,24.4,75.6,5.6,30.0,0.00
11/17/2007,32.7,24.9,80.0,3.2,30.0,0.00
11/18/2007,32.6,25.6,89.6,8.4,29.5,0.00
11/19/2007,42.5,40.5,91.8,8.2,29.3,0.00
11/20/2007,49.3,45.3,87.5,6.2,29.3,0.00
11/21/2007,50.5,46.1,86.4,7.9,29.3,0.00
11/22/2007,47.0,43.9,89.2,5.4,29.4,0.00
11/23/2007,45.1,40.3,82.2,10.8,29.6,0.00
11/24/2007,38.2,21.7,80.5,6.7,30.0,0.00
11/25/2007,43.9,39.4,84.9,7.6,29.9,0.00
11/26/2007,44.2,38.0,79.6,6.0,30.1,0.00
11/27/2007,40.2,30.9,82.9,1.8,30.1,0.00
11/28/2007,31.5,25.6,95.3,2.9,29.8,0.00
11/29/2007,39.8,34.6,93.2,9.2,29.6,0.00
11/30/2007,42.5,40.3,90.9,8.9,29.6,0.00
12/1/2007,48.4,43.2,82.2,13.5,29.5,0.00
12/2/2007,50.2,46.5,87.7,18.0,29.3,0.00
12/3/2007,47.8,41.6,78.6,14.6,29.3,0.00
12/4/2007,47.7,44.3,88.2,8.4,29.8,0.00
12/5/2007,51.8,48.2,88.8,12.5,29.7,0.00
12/6/2007,51.0,48.9,91.3,13.1,29.7,0.00
12/7/2007,51.2,46.2,82.9,17.9,29.4,0.00
12/8/2007,43.4,40.9,91.6,11.8,29.4,0.00
12/9/2007,47.1,42.7,83.2,16.3,29.0,0.00
12/10/2007,45.7,41.7,85.6,14.9,29.4,0.00
12/11/2007,41.9,36.7,82.7,10.8,30.0,0.00
12/12/2007,35.5,25.9,91.8,5.4,30.2,0.00
12/13/2007,29.0,25.9,92.5,8.5,30.3,0.00
12/14/2007,33.8,21.9,90.0,10.0,30.3,0.00
12/15/2007,32.9,24.5,71.3,11.7,30.1,0.00
12/16/2007,29.8,24.2,79.6,9.1,30.1,0.00
12/17/2007,30.4,24.4,77.8,11.7,30.1,0.00
12/18/2007,28.4,22.7,79.5,7.0,30.1,0.00
12/19/2007,27.0,22.3,83.3,4.9,30.2,0.00
12/20/2007,27.9,23.5,83.5,4.0,30.1,0.00
12/21/2007,30.2,24.0,79.4,2.5,30.0,0.00
12/22/2007,30.9,25.3,81.9,0.7,29.9,0.00
12/23/2007,32.6,23.5,85.0,0.8,30.0,0.00
12/24/2007,31.2,23.7,86.5,2.3,30.0,0.00
12/25/2007,34.7,25.9,78.0,7.5,29.8,0.00
12/26/2007,35.6,34.2,96.4,5.7,30.0,0.00
12/27/2007,40.9,40.1,97.2,5.5,30.1,0.00
12/28/2007,41.8,40.6,95.8,8.6,30.0,0.00
12/29/2007,43.8,41.0,89.7,11.7,29.8,0.00
12/30/2007,41.7,39.5,91.8,6.1,30.0,0.00
12/31/2007,40.9,39.7,95.6,2.7,30.1,0.00
1/1/2008,34.7,33.5,95.7,4.2,29.9,0.00
1/2/2008,32.4,22.9,83.5,10.5,29.6,0.00
1/3/2008,34.6,30.4,91.0,5.8,29.2,0.00
1/4/2008,45.1,41.6,87.3,8.7,29.3,0.00
1/5/2008,46.9,44.3,89.5,13.3,29.3,0.00
1/6/2008,44.6,42.2,90.8,7.5,29.6,0.00
1/7/2008,48.6,42.5,79.8,12.8,29.7,0.00
1/8/2008,42.0,40.0,93.2,8.5,29.8,0.00
1/9/2008,45.1,40.9,85.7,9.2,29.6,0.00
1/10/2008,45.4,42.2,89.5,11.8,29.6,0.00
1/11/2008,48.8,43.7,81.9,15.3,29.2,0.00
1/12/2008,43.6,36.5,76.4,11.2,29.5,0.00
1/13/2008,43.1,28.3,78.2,10.1,29.6,0.00
1/14/2008,45.5,36.4,80.1,11.9,29.4,0.00
1/15/2008,47.1,43.1,84.5,20.5,29.2,0.00
1/16/2008,44.6,41.7,89.1,8.7,29.1,0.00
1/17/2008,46.6,44.2,91.6,11.2,29.4,0.00
1/18/2008,50.2,47.6,91.0,11.4,29.7,0.00
1/19/2008,54.9,49.2,82.2,13.1,30.0,0.00
1/20/2008,53.4,44.9,73.4,9.5,30.0,0.00
1/21/2008,50.5,43.6,77.6,11.7,29.8,0.00
1/22/2008,44.5,32.8,76.7,10.3,29.9,0.00
1/23/2008,43.1,36.3,82.9,6.4,30.1,0.00
1/24/2008,45.6,39.5,79.6,6.3,30.1,0.00
1/25/2008,39.1,31.8,84.7,4.0,30.4,0.00
1/26/2008,35.7,28.8,87.9,3.6,30.3,0.00
1/27/2008,36.0,25.3,77.0,3.4,30.3,0.00
1/28/2008,35.8,30.8,89.1,2.9,30.2,0.00
1/29/2008,37.1,27.6,89.3,3.7,30.0,0.00
1/30/2008,36.1,26.1,92.3,7.0,30.0,0.00
1/31/2008,36.4,29.1,89.2,13.8,29.8,0.00
2/1/2008,41.9,40.2,93.1,9.1,29.3,0.00
2/2/2008,36.6,20.4,83.0,7.2,29.7,0.00
2/3/2008,37.4,26.8,76.8,10.1,29.5,0.00
2/4/2008,43.6,39.4,85.5,11.9,29.3,0.00
2/5/2008,47.5,44.4,89.4,17.8,29.6,0.00
2/6/2008,49.3,41.9,77.0,13.5,29.9,0.00
2/7/2008,40.7,32.8,84.0,2.5,30.3,0.00
2/8/2008,41.8,24.4,75.6,3.8,30.2,0.00
2/9/2008,42.9,22.6,63.0,4.0,30.1,0.00
2/10/2008,41.6,26.5,65.8,4.1,30.1,0.00
2/11/2008,43.6,19.3,69.1,6.6,30.1,0.00
2/12/2008,42.9,28.1,69.1,5.2,30.1,0.00
2/13/2008,42.7,32.0,76.2,5.0,30.1,0.00
2/14/2008,36.8,28.2,86.3,7.3,30.2,0.00
2/15/2008,33.4,14.9,90.6,10.2,30.2,0.00
2/16/2008,34.9,22.0,62.1,10.3,30.3,0.00
2/17/2008,35.4,22.1,58.7,6.5,30.3,0.00
2/18/2008,37.8,19.7,70.5,4.5,30.1,0.00
2/19/2008,41.4,28.7,64.6,3.3,29.9,0.00
2/20/2008,46.0,44.0,92.8,3.8,29.8,0.00
2/21/2008,47.7,44.6,88.5,7.2,30.0,0.00
2/22/2008,49.5,44.9,84.3,8.0,30.0,0.00
2/23/2008,48.3,43.8,83.7,4.0,30.0,0.00
2/24/2008,47.1,41.3,82.2,5.1,29.8,0.00
2/25/2008,51.4,48.2,90.4,5.3,29.8,0.00
2/26/2008,48.5,45.7,89.7,10.4,29.6,0.00
2/27/2008,44.7,39.1,81.9,6.0,29.8,0.00
2/28/2008,49.3,47.6,93.8,6.2,29.8,0.00
2/29/2008,52.2,47.9,86.8,11.7,29.7,0.00
3/1/2008,53.7,42.9,68.5,20.1,29.6,0.00
3/2/2008,52.0,46.7,82.4,12.2,29.7,0.00
3/3/2008,47.6,35.6,72.5,11.9,29.6,0.00
3/4/2008,40.4,28.1,78.2,14.6,29.8,0.00
3/5/2008,38.5,28.5,68.9,10.6,30.1,0.00
3/6/2008,39.2,31.8,83.8,4.2,30.0,0.00
3/7/2008,45.6,39.7,81.0,6.1,29.7,0.00
3/8/2008,44.6,35.6,77.9,8.1,29.6,0.00
3/9/2008,46.1,41.5,83.1,12.4,29.3,0.00
3/10/2008,44.1,39.1,83.4,19.5,28.9,0.00
3/11/2008,49.4,43.7,81.3,17.4,29.1,0.00
3/12/2008,50.3,35.9,69.4,20.8,29.4,0.00
3/13/2008,47.4,39.9,75.7,10.7,29.7,0.00
3/14/2008,54.4,48.4,81.7,10.2,29.6,0.00
3/15/2008,52.8,47.1,82.8,5.9,29.4,0.00
3/16/2008,50.4,46.1,85.4,14.0,29.2,0.00
3/17/2008,45.1,31.9,75.3,11.8,29.6,0.00
3/18/2008,40.6,16.6,71.1,10.2,29.7,0.00
3/19/2008,41.5,10.7,69.6,10.9,29.7,0.00
3/20/2008,41.0,23.2,74.9,10.8,29.7,0.00
3/21/2008,45.0,36.3,76.8,18.5,29.0,0.00
3/22/2008,39.4,31.1,84.8,12.0,28.9,0.00
3/23/2008,37.5,22.2,69.2,11.5,29.2,0.00
3/24/2008,38.1,21.9,81.0,12.2,29.2,0.00
3/25/2008,39.3,17.5,75.8,8.0,29.4,0.00
3/26/2008,44.5,39.2,81.3,5.5,29.3,0.00
3/27/2008,44.7,38.2,79.4,11.1,29.2,0.00
3/28/2008,41.5,33.6,88.8,10.7,29.4,0.00
3/29/2008,48.2,38.7,71.6,11.6,29.6,0.00
3/30/2008,48.8,39.6,75.3,7.6,29.4,0.00
3/31/2008,46.9,42.1,84.3,5.8,29.6,0.00
4/1/2008,47.8,43.9,86.7,7.1,29.9,0.00
4/2/2008,50.2,45.3,83.5,10.1,29.9,0.00
4/3/2008,52.6,44.0,75.0,10.0,30.0,0.00
4/4/2008,48.3,39.3,72.8,4.3,30.0,0.00
4/5/2008,47.4,38.9,80.5,9.4,29.6,0.00
4/6/2008,39.7,29.0,81.3,8.3,29.3,0.00
4/7/2008,37.9,22.9,79.2,9.8,29.3,0.00
4/8/2008,40.5,26.5,68.9,5.4,29.3,0.00
4/9/2008,44.3,26.7,69.5,7.4,29.1,0.00
4/10/2008,46.3,21.4,61.8,7.2,29.1,0.00
4/11/2008,49.6,31.7,57.9,8.9,29.2,0.00
4/12/2008,48.0,40.6,76.9,10.0,29.5,0.00
4/13/2008,48.1,44.4,85.7,6.7,29.5,0.00
4/14/2008,46.4,39.8,80.8,9.3,29.6,0.00
4/15/2008,44.7,32.1,69.3,6.6,29.8,0.00
4/16/2008,44.5,26.9,63.2,4.2,29.7,0.00
4/17/2008,46.1,21.0,57.0,16.8,29.3,0.00
4/18/2008,51.2,44.8,80.2,10.2,29.0,0.00
4/19/2008,53.7,46.3,78.2,8.4,29.1,0.00
4/20/2008,53.7,46.1,75.3,5.0,29.2,0.00
4/21/2008,54.4,47.3,78.7,9.1,29.2,0.00
4/22/2008,55.3,48.8,79.8,4.4,29.4,0.00
4/23/2008,52.9,46.9,80.9,6.6,29.7,0.00
4/24/2008,52.0,42.9,74.7,8.0,29.9,0.00
4/25/2008,54.5,42.7,68.0,5.3,30.0,0.00
4/26/2008,57.6,44.1,63.4,4.4,30.0,0.00
4/27/2008,63.2,47.9,59.2,6.2,29.7,0.00
4/28/2008,54.9,47.6,77.3,8.0,29.4,0.00
4/29/2008,49.1,45.6,89.1,10.8,29.3,0.00
4/30/2008,51.0,44.5,78.3,15.3,29.1,0.00
5/1/2008,49.9,43.6,79.6,10.5,29.5,0.00
5/2/2008,53.8,45.3,75.7,4.5,29.8,0.00
5/3/2008,62.0,48.2,62.9,5.1,29.9,0.00
5/4/2008,64.3,49.0,59.9,5.8,29.8,0.00
5/5/2008,63.3,43.2,49.9,8.7,29.8,0.00
5/6/2008,63.6,46.7,55.3,8.3,29.8,0.00
5/7/2008,65.3,49.4,59.1,6.7,29.7,0.00
5/8/2008,66.9,48.8,53.2,7.9,29.6,0.00
5/9/2008,64.9,50.2,61.0,4.5,29.6,0.00
5/10/2008,68.1,50.2,54.6,8.0,29.6,0.00
5/11/2008,67.7,46.0,47.0,8.0,29.6,0.00
5/12/2008,66.7,48.3,53.3,7.1,29.6,0.00
5/13/2008,68.6,46.5,47.8,4.7,29.6,0.00
5/14/2008,65.6,53.7,68.1,5.0,29.5,0.00
5/15/2008,59.2,55.3,88.2,4.6,29.5,0.00
5/16/2008,63.4,54.0,73.0,5.5,29.4,0.00
5/17/2008,59.7,53.3,80.4,7.3,29.4,0.00
5/18/2008,55.1,50.5,85.2,7.1,29.4,0.00
5/19/2008,54.9,44.0,67.6,12.2,29.6,0.00
5/20/2008,57.4,42.4,58.0,10.4,29.6,0.00
5/21/2008,59.3,43.0,56.1,6.3,29.6,0.00
5/22/2008,61.5,45.9,57.2,3.8,29.6,0.00
5/23/2008,62.5,47.6,60.5,5.8,29.5,0.00
5/24/2008,64.5,55.0,72.4,8.6,29.3,0.00
5/25/2008,63.5,55.6,77.9,6.5,29.5,0.00
5/26/2008,61.0,56.8,87.4,7.1,29.4,0.00
5/27/2008,59.7,58.4,95.3,5.1,29.4,0.00
5/28/2008,63.8,55.7,77.2,10.6,29.4,0.00
5/29/2008,62.3,56.4,82.1,2.0,29.5,0.00
5/30/2008,65.3,58.3,80.2,4.3,29.5,0.00
5/31/2008,61.2,54.8,80.4,5.4,29.6,0.00
6/1/2008,63.3,56.3,79.2,5.3,29.6,0.00
6/2/2008,65.2,59.5,82.6,3.9,29.5,0.00
6/3/2008,60.1,55.9,86.6,10.7,29.6,0.00
6/4/2008,59.7,52.5,78.0,7.3,29.7,0.00
6/5/2008,61.5,47.4,60.6,7.2,29.7,0.00
6/6/2008,59.4,47.6,65.7,10.1,29.7,0.00
6/7/2008,59.2,49.8,72.1,8.8,29.7,0.00
6/8/2008,61.0,51.6,71.9,7.0,29.8,0.00
6/9/2008,70.5,57.2,67.0,11.3,29.8,0.00
6/10/2008,71.7,56.3,61.0,9.9,29.8,0.00
6/11/2008,64.7,52.0,64.0,10.5,29.8,0.00
6/12/2008,57.3,49.7,76.8,11.0,29.7,0.00
6/13/2008,55.6,43.4,66.2,5.9,29.7,0.00
6/14/2008,59.3,46.3,64.7,7.5,29.7,0.00
6/15/2008,55.4,47.8,76.2,4.7,29.5,0.00
6/16/2008,59.5,50.0,73.0,6.6,29.5,0.00
6/17/2008,63.3,44.9,53.8,7.2,29.6,0.00
6/18/2008,63.9,48.1,58.6,8.0,29.7,0.00
6/19/2008,62.3,55.2,77.6,9.8,29.6,0.00
6/20/2008,65.5,58.1,78.8,5.0,29.8,0.00
6/21/2008,70.1,60.0,73.1,4.1,29.7,0.00
6/22/2008,72.3,63.6,75.8,8.7,29.6,0.00
6/23/2008,65.0,49.9,59.4,5.8,29.8,0.00
6/24/2008,71.4,58.9,65.4,5.2,29.6,0.00
6/25/2008,72.3,58.6,64.2,10.5,29.7,0.00
6/26/2008,67.5,50.5,55.4,5.4,29.8,0.00
6/27/2008,65.6,53.8,66.5,8.8,29.8,0.00
6/28/2008,69.7,58.8,68.8,7.1,29.8,0.00
6/29/2008,69.9,56.6,63.6,6.2,29.8,0.00
6/30/2008,69.4,51.8,55.8,5.4,29.8,0.00
7/1/2008,74.5,55.4,53.6,6.1,29.6,0.00
7/2/2008,69.5,63.1,80.4,6.9,29.5,0.00
7/3/2008,63.8,53.6,72.5,8.5,29.6,0.00
7/4/2008,62.4,47.9,64.2,5.1,29.7,0.00
7/5/2008,66.6,55.2,67.3,8.0,29.6,0.00
7/6/2008,63.9,48.5,59.5,11.9,29.5,0.00
7/7/2008,60.9,52.6,75.0,16.5,29.4,0.00
7/8/2008,60.7,53.3,77.3,13.0,29.6,0.00
7/9/2008,64.3,54.3,71.9,8.3,29.7,0.00
7/10/2008,70.2,57.7,67.0,11.8,29.6,0.00
7/11/2008,66.0,56.3,72.6,10.2,29.5,0.00
7/12/2008,62.3,50.4,66.3,9.5,29.5,0.00
7/13/2008,61.1,46.3,59.7,6.3,29.6,0.00
7/14/2008,63.5,47.0,59.0,4.3,29.9,0.00
7/15/2008,68.9,53.9,61.6,6.3,30.0,0.00
7/16/2008,66.2,55.6,70.5,7.8,29.9,0.00
7/17/2008,66.0,49.5,57.2,8.2,29.7,0.00
7/18/2008,65.8,52.4,62.9,9.1,29.6,0.00
7/19/2008,67.7,56.1,67.6,12.3,29.6,0.00
7/20/2008,62.0,47.6,62.7,10.0,29.7,0.00
7/21/2008,60.8,45.0,59.3,9.9,29.9,0.00
7/22/2008,65.4,45.6,53.3,6.6,29.9,0.00
7/23/2008,70.4,50.5,51.3,7.1,29.9,0.00
7/24/2008,73.3,48.4,44.3,10.6,29.6,0.00
7/25/2008,71.5,56.6,60.3,6.9,29.5,0.00
7/26/2008,70.0,61.0,74.2,7.1,29.6,0.00
7/27/2008,75.0,59.9,60.5,6.2,29.7,0.00
7/28/2008,76.3,62.9,67.3,4.9,29.6,0.00
7/29/2008,70.5,57.8,66.8,7.7,29.7,0.00
7/30/2008,74.7,58.6,61.0,3.1,29.7,0.00
7/31/2008,78.3,63.7,64.2,4.3,29.6,0.00
8/1/2008,68.4,55.8,66.1,10.1,29.7,0.00
8/2/2008,65.5,58.5,78.2,10.3,29.7,0.00
8/3/2008,69.4,62.1,78.4,10.3,29.6,0.00
8/4/2008,69.4,57.6,68.9,10.9,29.6,0.00
8/5/2008,71.3,56.3,61.6,5.2,29.7,0.00
8/6/2008,76.0,59.6,61.6,4.2,29.6,0.00
8/7/2008,69.7,62.0,77.8,8.3,29.4,0.00
8/8/2008,65.3,57.9,78.5,11.7,29.5,0.00
8/9/2008,66.2,54.6,69.6,8.0,29.7,0.00
8/10/2008,66.5,58.3,75.3,11.5,29.5,0.00
8/11/2008,64.3,54.0,71.6,5.5,29.4,0.00
8/12/2008,68.2,55.2,66.0,16.2,29.1,0.00
8/13/2008,65.4,50.8,60.9,16.6,29.4,0.00
8/14/2008,61.6,49.9,67.7,6.2,29.6,0.00
8/15/2008,63.8,50.9,66.4,5.7,29.6,0.00
8/16/2008,64.4,49.9,61.2,6.4,29.5,0.00
8/17/2008,65.7,52.8,64.2,8.7,29.5,0.00
8/18/2008,68.0,55.8,66.0,11.1,29.5,0.00
8/19/2008,65.9,54.5,68.0,13.3,29.5,0.00
8/20/2008,64.2,53.9,71.2,9.5,29.6,0.00
8/21/2008,64.4,56.4,75.7,7.1,29.7,0.00
8/22/2008,61.9,60.1,94.5,4.5,29.6,0.00
8/23/2008,59.6,51.2,76.4,7.0,29.7,0.00
8/24/2008,58.9,53.4,83.1,5.9,29.6,0.00
8/25/2008,64.4,56.2,77.2,6.4,29.7,0.00
8/26/2008,65.0,58.3,80.1,4.8,29.9,0.00
8/27/2008,64.6,56.9,77.8,4.3,29.9,0.00
8/28/2008,64.7,55.8,73.8,5.6,29.8,0.00
8/29/2008,65.4,56.7,74.3,5.8,29.8,0.00
8/30/2008,69.9,58.9,70.6,5.8,29.6,0.00
8/31/2008,70.9,61.1,71.8,7.6,29.6,0.00
9/1/2008,64.8,56.0,74.9,7.8,29.7,0.00
9/2/2008,63.5,56.7,79.1,11.1,29.5,0.00
9/3/2008,56.2,53.0,89.2,8.6,29.4,0.00
9/4/2008,58.0,52.1,81.7,10.0,29.4,0.00
9/5/2008,62.1,57.7,86.3,10.5,29.2,0.00
9/6/2008,64.3,52.0,65.8,15.9,29.3,0.00
9/7/2008,61.5,53.4,75.2,13.3,29.5,0.00
9/8/2008,60.4,51.2,74.5,5.3,29.6,0.00
9/9/2008,63.3,54.7,75.7,5.7,29.6,0.00
9/10/2008,67.1,60.5,81.2,6.0,29.6,0.00
9/11/2008,66.7,60.1,81.7,6.0,29.5,0.00
9/12/2008,59.3,53.0,80.9,7.9,28.3,0.00
9/13/2008,56.5,49.3,78.7,7.8,29.7,0.00
9/14/2008,59.4,47.3,66.6,9.5,29.8,0.00
9/15/2008,55.3,44.4,67.9,6.4,29.9,0.00
9/16/2008,55.3,42.6,63.8,8.3,29.8,0.00
9/17/2008,53.8,39.7,60.9,11.0,29.8,0.00
9/18/2008,52.5,41.7,67.6,6.3,29.8,0.00
9/19/2008,54.0,41.4,66.6,7.2,29.9,0.00
9/20/2008,56.3,41.2,59.5,10.3,30.0,0.00
9/21/2008,54.9,39.0,57.6,12.3,29.9,0.00
9/22/2008,55.5,44.6,68.0,9.7,29.8,0.00
9/23/2008,54.8,46.4,74.3,9.0,29.8,0.00
9/24/2008,57.3,49.7,78.0,4.6,29.8,0.00
9/25/2008,58.5,49.2,73.0,10.1,30.0,0.00
9/26/2008,56.7,42.5,62.6,12.8,30.1,0.00
9/27/2008,57.1,40.3,56.4,9.6,30.0,0.00
9/28/2008,55.6,43.3,65.9,2.5,29.9,0.00
9/29/2008,53.1,45.6,77.8,5.4,29.8,0.00
9/30/2008,51.8,47.9,85.8,11.5,29.6,0.00
10/1/2008,57.4,49.9,75.7,16.4,29.4,0.00
10/2/2008,51.5,42.8,72.7,11.9,29.4,0.00
10/3/2008,46.8,41.5,82.2,10.4,29.5,0.00
10/4/2008,48.2,38.5,71.9,9.1,29.8,0.00
10/5/2008,55.1,48.5,79.0,17.9,29.4,0.00
10/6/2008,60.0,53.5,79.3,9.9,29.6,0.00
10/7/2008,61.9,56.0,83.1,8.7,29.6,0.00
10/8/2008,56.9,50.5,80.9,7.0,29.7,0.00
10/9/2008,53.4,46.1,78.3,7.0,30.1,0.00
10/10/2008,52.9,47.5,83.5,2.3,30.1,0.00
10/11/2008,54.2,51.1,90.4,2.6,30.0,0.00
10/12/2008,57.1,51.7,83.8,1.8,29.9,0.00
10/13/2008,62.8,55.1,78.0,5.2,29.8,0.00
10/14/2008,59.9,51.2,73.2,4.3,29.8,0.00
10/15/2008,58.8,54.3,84.8,9.8,29.7,0.00
10/16/2008,53.5,47.0,80.0,8.3,29.7,0.00
10/17/2008,47.2,40.2,79.5,2.4,29.8,0.00
10/18/2008,46.1,38.5,78.2,2.2,29.8,0.00
10/19/2008,46.4,38.9,78.3,3.2,29.9,0.00
10/20/2008,55.2,47.7,77.2,9.6,29.6,0.00
10/21/2008,53.6,50.1,88.7,7.2,29.6,0.00
10/22/2008,48.2,42.8,82.6,4.7,29.9,0.00
10/23/2008,45.3,38.9,80.3,3.7,30.0,0.00
10/24/2008,48.3,41.3,78.0,3.5,29.9,0.00
10/25/2008,50.4,47.5,91.1,2.6,30.1,0.00
10/26/2008,50.8,46.6,87.0,8.6,29.9,0.00
10/27/2008,51.9,47.6,85.9,7.9,29.5,0.00
10/28/2008,44.0,38.7,82.8,5.1,29.5,0.00
10/29/2008,28.6,28.4,96.8,2.7,29.4,0.00
10/30/2008,39.0,36.8,91.8,9.4,29.1,0.00
10/31/2008,35.9,34.9,78.7,8.3,29.2,0.00
10/1/2008,0.0,0.0,0.0,11.0,29.3,0.00
11/1/2008,32.9,30.7,59.0,10.8,29.2,0.00
11/2/2008,48.8,43.4,81.4,9.4,29.5,0.00
11/3/2008,51.9,46.6,83.5,5.8,29.5,0.00
11/4/2008,51.3,44.7,80.2,6.7,29.6,0.00
11/5/2008,49.0,45.6,87.9,11.3,29.5,0.00
11/6/2008,48.3,47.0,95.7,5.3,29.6,0.00
11/7/2008,48.8,46.5,92.4,7.2,29.6,0.00
11/8/2008,47.3,43.8,89.1,10.2,29.7,0.00
11/9/2008,52.9,48.3,86.0,13.1,29.7,0.00
11/10/2008,56.9,52.2,83.2,19.9,29.6,0.00
11/11/2008,51.3,46.2,82.2,14.0,29.6,0.00
11/12/2008,45.3,42.5,89.8,5.5,29.8,0.00
11/13/2008,43.3,39.5,87.7,3.4,29.9,0.00
11/14/2008,46.5,44.8,94.2,4.3,30.0,0.00
11/15/2008,51.1,49.3,94.5,4.0,30.1,0.00
11/16/2008,52.9,49.5,89.8,6.1,30.1,0.00
11/17/2008,46.7,40.5,79.3,5.5,30.1,0.00
11/18/2008,48.8,46.2,91.9,6.9,29.7,0.00
11/19/2008,47.3,43.6,87.1,6.7,29.9,0.00
11/20/2008,49.9,47.1,89.8,8.2,29.8,0.00
11/21/2008,49.2,41.4,78.2,13.6,29.6,0.00
11/22/2008,40.0,25.9,64.3,11.3,29.6,0.00
11/23/2008,34.9,29.9,87.0,9.2,29.3,0.00
11/24/2008,39.3,35.1,87.7,8.0,29.1,0.00
11/25/2008,38.1,30.1,84.3,8.5,29.6,0.00
11/26/2008,39.8,37.1,90.4,5.4,30.0,0.00
11/27/2008,28.5,14.8,91.9,7.9,29.8,0.00
11/28/2008,34.7,4.0,90.7,7.1,29.3,0.00
11/29/2008,36.9,23.4,89.8,7.0,29.0,0.00
11/30/2008,37.4,30.1,94.5,6.9,28.9,0.00
12/1/2008,39.8,37.7,92.9,7.7,29.2,0.00
12/2/2008,38.5,29.4,85.0,11.2,29.5,0.00
12/3/2008,39.5,35.8,93.5,9.7,29.2,0.00
12/4/2008,39.4,34.2,93.0,9.3,29.0,0.00
12/5/2008,44.0,40.3,87.6,12.2,28.9,0.00
12/6/2008,43.6,39.1,84.8,8.9,29.5,0.00
12/7/2008,36.8,32.4,94.3,5.6,30.0,0.00
12/8/2008,35.0,24.8,94.6,5.1,29.9,0.00
12/9/2008,26.9,20.5,92.3,5.4,29.7,0.00
12/10/2008,36.4,27.5,87.3,7.0,29.7,0.00
12/11/2008,27.8,22.7,91.0,5.1,29.6,0.00
12/12/2008,29.5,28.3,95.6,7.0,29.7,0.00
12/13/2008,32.0,25.9,89.8,10.6,29.2,0.00
12/14/2008,38.9,37.2,93.3,6.5,29.1,0.00
12/15/2008,35.5,23.1,91.9,7.9,29.5,0.00
12/16/2008,23.4,11.1,96.7,6.7,29.6,0.00
12/17/2008,35.7,31.9,95.5,5.7,29.6,0.00
12/18/2008,39.5,36.7,96.7,5.3,29.8,0.00
12/19/2008,45.0,41.1,85.3,8.4,30.0,0.00
12/20/2008,46.5,43.3,88.8,8.6,30.1,0.00
12/21/2008,48.9,44.9,85.2,7.3,30.2,0.00
12/22/2008,47.8,44.5,87.6,4.7,30.3,0.00
12/23/2008,46.3,43.3,89.6,6.3,30.2,0.00
12/24/2008,39.5,36.9,91.3,5.5,30.2,0.00
12/25/2008,42.4,36.2,79.1,12.2,30.1,0.00
12/26/2008,34.7,23.0,66.9,15.8,30.0,0.00
12/27/2008,30.8,23.0,72.8,11.1,30.0,0.00
12/28/2008,28.6,21.9,76.5,10.6,29.9,0.00
12/29/2008,28.9,22.8,78.9,5.9,29.9,0.00
12/30/2008,31.3,28.1,87.7,6.3,30.0,0.00
12/31/2008,34.4,24.0,90.3,5.3,29.9,0.00
1/1/2009,33.0,17.4,94.6,5.4,30.0,0.00
1/2/2009,30.9,27.6,88.4,8.7,29.9,0.00
1/3/2009,30.2,25.5,82.9,10.5,29.9,0.00
1/4/2009,25.9,21.3,83.5,2.8,29.9,0.00
1/5/2009,29.2,26.1,87.5,6.2,29.7,0.00
1/6/2009,23.1,19.1,84.9,10.4,29.8,0.00
1/7/2009,22.1,14.9,75.3,7.1,29.9,0.00
1/8/2009,29.8,22.7,82.0,10.4,29.9,0.00
1/9/2009,22.9,16.8,77.6,4.2,30.0,0.00
1/10/2009,22.4,17.9,83.8,1.7,30.0,0.00
1/11/2009,25.1,20.5,83.2,3.1,30.1,0.00
1/12/2009,34.0,26.2,81.4,8.3,29.9,0.00
1/13/2009,39.3,24.4,82.3,7.0,29.6,0.00
1/14/2009,38.1,36.4,93.1,4.9,29.7,0.00
1/15/2009,36.6,17.5,84.8,5.8,29.7,0.00
1/16/2009,37.1,26.9,88.2,6.0,29.8,0.00
1/17/2009,43.8,42.3,93.5,9.7,29.7,0.00
1/18/2009,44.3,39.9,84.0,14.9,29.3,0.00
1/19/2009,45.9,40.9,83.4,16.6,29.0,0.00
1/20/2009,38.1,24.5,87.1,8.7,29.1,0.00
1/21/2009,35.7,35.0,97.0,6.6,29.4,0.00
1/22/2009,41.3,40.3,95.9,12.9,29.1,0.00
1/23/2009,46.6,42.2,85.1,18.0,28.6,0.00
1/24/2009,38.4,31.1,85.6,7.3,28.9,0.00
1/25/2009,39.4,29.7,85.4,9.0,29.0,0.00
1/26/2009,39.5,38.0,95.1,4.4,29.2,0.00
1/27/2009,37.6,32.4,91.6,6.5,29.6,0.00
1/28/2009,35.7,26.2,89.8,4.6,29.7,0.00
1/29/2009,28.8,28.8,90.9,5.3,29.7,0.00
1/30/2009,33.2,28.6,84.3,8.0,29.7,0.00
1/31/2009,34.3,27.5,76.6,12.3,29.5,0.00
2/1/2009,30.9,21.7,70.2,13.3,29.3,0.00
2/2/2009,33.6,27.2,93.8,7.2,29.0,0.00
2/3/2009,29.9,25.8,85.7,4.0,29.2,0.00
2/4/2009,30.0,23.9,94.9,2.9,29.1,0.00
2/5/2009,43.4,39.5,86.4,6.7,28.9,0.00
2/6/2009,42.6,37.9,83.8,4.6,28.9,0.00
2/7/2009,35.2,25.8,93.1,7.8,29.0,0.00
2/8/2009,34.7,17.7,87.8,7.8,29.4,0.00
2/9/2009,41.7,39.8,95.8,11.8,29.3,0.00
2/10/2009,42.4,37.6,85.7,20.1,29.2,0.00
2/11/2009,36.8,26.1,86.3,6.2,29.7,0.00
2/12/2009,37.6,22.1,77.9,9.2,29.9,0.00
2/13/2009,34.4,20.3,94.5,7.2,29.8,0.00
2/14/2009,34.7,21.2,79.9,7.6,30.0,0.00
2/15/2009,33.6,26.3,77.0,3.1,30.1,0.00
2/16/2009,41.9,36.5,83.7,7.2,29.9,0.00
2/17/2009,45.4,42.0,87.8,10.8,29.9,0.00
2/18/2009,41.4,35.0,88.7,7.3,29.9,0.00
2/19/2009,36.1,25.0,69.4,2.9,30.0,0.00
2/20/2009,44.1,37.4,79.6,4.7,30.1,0.00
2/21/2009,43.8,38.6,82.7,4.6,30.1,0.00
2/22/2009,44.5,41.2,87.7,7.9,30.0,0.00
2/23/2009,44.9,40.9,86.1,6.9,29.9,0.00
2/24/2009,44.0,34.3,79.3,7.8,29.9,0.00
2/25/2009,41.1,17.7,73.0,2.8,30.1,0.00
2/26/2009,40.8,29.9,85.8,5.6,30.0,0.00
2/27/2009,39.6,37.9,93.3,4.9,29.9,0.00
2/28/2009,44.8,40.5,85.9,4.2,29.6,0.00
3/1/2009,46.0,41.9,85.9,6.0,29.4,0.00
3/2/2009,45.2,30.7,76.5,6.4,29.7,0.00
3/3/2009,42.4,18.1,73.0,8.3,29.6,0.00
3/4/2009,40.7,27.5,83.1,12.1,28.9,0.00
3/5/2009,34.8,23.4,92.1,5.4,28.9,0.00
3/6/2009,40.8,25.6,71.5,9.9,29.4,0.00
3/7/2009,41.5,35.3,83.3,5.4,29.6,0.00
3/8/2009,47.0,42.4,84.2,12.2,29.5,0.00
3/9/2009,42.6,34.8,75.9,12.2,29.6,0.00
3/10/2009,46.0,40.1,80.5,13.4,29.6,0.00
3/11/2009,45.2,30.0,72.6,4.2,29.9,0.00
3/12/2009,48.1,41.8,79.1,6.9,29.9,0.00
3/13/2009,48.6,40.5,74.6,4.7,29.9,0.00
3/14/2009,47.8,40.6,78.0,6.6,29.8,0.00
3/15/2009,48.8,38.1,68.8,6.4,30.1,0.00
3/16/2009,48.5,38.8,71.5,5.9,30.1,0.00
3/17/2009,49.2,40.1,73.5,5.5,30.1,0.00
3/18/2009,51.8,33.4,57.8,9.1,30.1,0.00
3/19/2009,49.8,25.6,42.4,8.5,29.9,0.00
3/20/2009,45.2,23.4,51.0,10.1,30.0,0.00
3/21/2009,42.9,20.5,43.3,4.3,30.0,0.00
3/22/2009,41.2,32.9,75.1,7.3,30.1,0.00
3/23/2009,46.5,38.1,75.4,12.1,29.8,0.00
3/24/2009,43.3,22.6,65.4,13.3,29.7,0.00
3/25/2009,44.4,32.1,75.5,14.2,29.5,0.00
3/26/2009,46.6,41.1,81.3,13.4,29.5,0.00
3/27/2009,47.5,39.1,73.7,12.9,29.3,0.00
3/28/2009,45.4,38.5,78.1,11.5,29.2,0.00
3/29/2009,42.2,26.3,72.8,8.0,29.5,0.00
3/30/2009,43.7,24.8,56.6,6.5,29.8,0.00
3/31/2009,47.6,23.5,54.6,9.3,29.8,0.00
4/1/2009,52.1,30.5,53.2,13.7,29.6,0.00
4/2/2009,54.2,41.4,63.3,8.5,29.6,0.00
4/3/2009,55.1,46.5,74.5,4.1,29.7,0.00
4/4/2009,52.1,43.3,72.4,6.7,29.8,0.00
4/5/2009,53.2,43.9,72.3,3.0,29.8,0.00
4/6/2009,57.0,42.0,60.8,6.0,29.5,0.00
4/7/2009,54.5,45.7,75.2,7.3,29.5,0.00
4/8/2009,50.0,46.1,86.3,12.8,29.6,0.00
4/9/2009,59.3,47.9,70.1,9.7,29.6,0.00
4/10/2009,60.0,46.0,60.6,8.6,29.3,0.00
4/11/2009,57.8,46.3,67.7,6.2,29.4,0.00
4/12/2009,57.9,51.8,80.9,6.7,29.5,0.00
4/13/2009,56.6,49.0,77.5,6.2,29.5,0.00
4/14/2009,59.3,50.1,73.8,3.9,29.4,0.00
4/15/2009,60.7,48.1,66.7,8.8,29.3,0.00
4/16/2009,52.9,45.8,77.9,5.4,29.4,0.00
4/17/2009,52.8,43.4,71.4,8.5,29.5,0.00
4/18/2009,49.7,46.4,89.0,6.0,29.6,0.00
4/19/2009,54.0,47.1,79.7,6.4,29.7,0.00
4/20/2009,57.6,46.3,68.7,10.7,29.9,0.00
4/21/2009,57.5,45.1,66.0,10.7,29.9,0.00
4/22/2009,56.5,43.2,62.8,6.9,29.9,0.00
4/23/2009,55.0,31.8,51.9,5.3,29.9,0.00
4/24/2009,54.9,36.1,53.1,9.0,29.7,0.00
4/25/2009,50.7,42.7,75.1,8.0,29.5,0.00
4/26/2009,52.3,46.1,80.9,3.6,29.5,0.00
4/27/2009,52.0,44.3,75.9,11.8,29.3,0.00
4/28/2009,47.1,42.6,85.1,6.8,29.2,0.00
4/29/2009,49.7,44.4,82.4,5.2,29.4,0.00
4/30/2009,52.6,43.2,73.8,3.6,29.7,0.00
5/1/2009,56.7,45.0,68.8,5.6,29.9,0.00
5/2/2009,55.6,47.5,74.9,5.7,30.1,0.00
5/3/2009,53.3,45.9,76.9,6.4,30.0,0.00
5/4/2009,52.5,34.6,61.4,7.3,30.0,0.00
5/5/2009,53.7,46.0,75.4,8.8,29.9,0.00
5/6/2009,55.9,47.0,73.1,8.1,29.9,0.00
5/7/2009,60.4,50.4,72.9,4.3,29.7,0.00
5/8/2009,58.3,49.0,72.9,7.9,29.6,0.00
5/9/2009,55.1,48.0,77.6,3.8,29.7,0.00
5/10/2009,58.5,53.4,84.9,6.0,29.7,0.00
5/11/2009,58.3,55.4,91.0,9.0,29.6,0.00
5/12/2009,59.9,54.8,84.5,8.3,29.6,0.00
5/13/2009,63.0,56.7,81.5,5.3,29.6,0.00
5/14/2009,59.8,56.8,90.7,4.6,29.4,0.00
5/15/2009,54.8,49.7,83.1,9.5,29.4,0.00
5/16/2009,54.3,48.9,81.6,10.0,29.6,0.00
5/17/2009,54.3,49.6,85.3,9.7,29.6,0.00
5/18/2009,55.2,46.6,75.0,8.7,29.7,0.00
5/19/2009,56.9,47.6,73.5,4.5,29.8,0.00
5/20/2009,60.6,49.8,70.7,3.0,29.8,0.00
5/21/2009,63.9,53.7,71.0,5.0,29.6,0.00
5/22/2009,60.8,42.9,54.5,6.1,29.7,0.00
5/23/2009,62.4,48.8,62.4,7.7,29.7,0.00
5/24/2009,70.7,59.4,68.8,3.9,29.7,0.00
5/25/2009,74.1,64.5,72.6,7.5,29.6,0.00
5/26/2009,60.1,52.5,77.1,13.5,29.7,0.00
5/27/2009,54.3,44.4,71.0,9.0,30.0,0.00
5/28/2009,59.3,54.1,83.0,7.5,30.1,0.00
5/29/2009,63.5,49.6,65.5,10.3,30.0,0.00
5/30/2009,64.0,42.1,45.8,12.7,29.8,0.00
5/31/2009,63.9,49.5,60.4,10.4,29.8,0.00
6/1/2009,66.7,53.5,64.1,10.1,29.8,0.00
6/2/2009,67.1,49.5,55.8,11.9,29.8,0.00
6/3/2009,64.0,49.7,61.6,8.7,29.8,0.00
6/4/2009,57.9,42.5,57.7,8.4,29.7,0.00
6/5/2009,56.8,40.5,55.7,10.1,29.5,0.00
6/6/2009,53.8,46.0,75.7,6.0,29.2,0.00
6/7/2009,55.6,48.6,79.3,8.7,29.3,0.00
6/8/2009,53.7,50.5,89.3,6.2,29.4,0.00
6/9/2009,57.6,53.7,87.3,11.5,29.4,0.00
6/10/2009,57.3,54.1,88.9,10.2,29.5,0.00
6/11/2009,60.8,49.8,69.3,12.1,29.7,0.00
6/12/2009,61.9,52.5,73.0,3.8,29.8,0.00
6/13/2009,67.2,54.9,67.1,3.5,29.8,0.00
6/14/2009,72.0,60.0,66.8,5.8,29.7,0.00
6/15/2009,62.7,58.9,88.1,6.1,29.7,0.00
6/16/2009,62.2,51.6,71.0,5.5,29.9,0.00
6/17/2009,65.1,52.5,66.8,4.9,29.8,0.00
6/18/2009,64.7,57.1,76.7,6.0,29.8,0.00
6/19/2009,61.6,47.1,60.4,9.3,29.8,0.00
6/20/2009,57.0,47.2,71.3,7.4,29.9,0.00
6/21/2009,59.4,48.3,69.3,8.4,29.9,0.00
6/22/2009,60.9,46.6,60.6,9.6,29.9,0.00
6/23/2009,62.3,46.2,58.1,10.8,29.9,0.00
6/24/2009,67.8,50.8,56.2,12.5,29.7,0.00
6/25/2009,71.2,57.9,63.4,7.9,29.5,0.00
6/26/2009,69.8,60.7,73.3,8.3,29.5,0.00
6/27/2009,68.9,55.0,64.9,6.8,29.6,0.00
6/28/2009,71.7,57.5,63.3,5.5,29.6,0.00
6/29/2009,75.3,58.1,58.8,6.2,29.7,0.00
6/30/2009,76.6,58.8,56.0,6.7,29.8,0.00
7/1/2009,76.2,59.9,59.2,7.4,29.8,0.00
7/2/2009,78.0,60.5,57.2,6.0,29.1,0.00
7/3/2009,73.3,58.1,61.7,8.3,29.6,0.00
7/4/2009,72.8,54.9,55.5,4.4,29.6,0.00
7/5/2009,73.1,56.4,57.3,7.3,29.5,0.00
7/6/2009,66.7,53.9,64.8,10.1,29.5,0.00
7/7/2009,62.9,53.0,71.4,11.0,29.5,0.00
7/8/2009,60.7,54.6,80.6,10.1,29.6,0.00
7/9/2009,60.8,48.4,66.4,9.2,29.7,0.00
7/10/2009,60.4,46.8,63.1,7.9,29.7,0.00
7/11/2009,65.1,52.4,64.4,4.8,29.7,0.00
7/12/2009,68.7,60.1,76.2,7.8,29.5,0.00
7/13/2009,67.0,56.4,70.6,6.8,29.5,0.00
7/14/2009,69.6,54.7,63.4,7.7,29.5,0.00
7/15/2009,69.2,50.6,54.4,10.0,29.7,0.00
7/16/2009,73.2,53.4,53.9,6.1,29.7,0.00
7/17/2009,62.9,55.4,77.2,12.7,29.5,0.00
7/18/2009,62.1,52.1,72.5,14.0,29.6,0.00
7/19/2009,63.9,52.6,69.2,11.7,29.7,0.00
7/20/2009,66.7,51.4,59.8,7.4,29.7,0.00
7/21/2009,76.1,57.4,54.4,7.2,29.5,0.00
7/22/2009,72.0,60.7,69.2,8.6,29.4,0.00
7/23/2009,65.9,60.8,84.0,8.1,29.4,0.00
7/24/2009,63.5,55.0,75.8,10.0,29.6,0.00
7/25/2009,63.7,52.5,69.3,7.0,29.9,0.00
7/26/2009,67.8,51.3,59.8,5.3,29.8,0.00
7/27/2009,64.4,54.5,71.8,6.6,29.6,0.00
7/28/2009,65.8,49.6,61.1,5.5,29.8,0.00
7/29/2009,68.8,51.0,57.3,6.3,29.6,0.00
7/30/2009,65.6,49.2,59.0,11.0,29.8,0.00
7/31/2009,66.8,45.4,49.0,5.4,29.8,0.00
8/1/2009,70.7,50.8,51.7,6.3,29.5,0.00
8/2/2009,64.5,55.4,74.5,8.0,29.6,0.00
8/3/2009,65.6,48.0,55.0,4.3,29.7,0.00
8/4/2009,68.4,52.1,60.7,4.8,29.8,0.00
8/5/2009,73.9,51.3,47.7,5.1,29.7,0.00
8/6/2009,76.5,53.8,48.5,4.7,29.7,0.00
8/7/2009,69.7,60.1,71.8,9.9,29.7,0.00
8/8/2009,68.7,57.8,68.9,6.2,29.8,0.00
8/9/2009,72.2,55.0,56.7,8.7,29.7,0.00
8/10/2009,73.4,53.7,51.5,7.7,29.7,0.00
8/11/2009,69.5,58.8,69.8,7.3,29.8,0.00
8/12/2009,71.1,55.8,63.1,6.8,29.8,0.00
8/13/2009,69.2,60.3,73.9,8.1,29.7,0.00
8/14/2009,70.3,53.4,59.2,4.7,29.7,0.00
8/15/2009,74.8,52.6,48.9,4.2,29.7,0.00
8/16/2009,75.8,59.2,59.1,6.0,29.7,0.00
8/17/2009,69.5,56.0,64.4,8.3,29.7,0.00
8/18/2009,69.8,52.0,57.0,2.8,29.8,0.00
8/19/2009,79.4,57.0,50.1,4.3,29.7,0.00
8/20/2009,78.3,60.3,55.6,8.5,29.7,0.00
8/21/2009,69.0,46.3,46.3,7.0,29.9,0.00
8/22/2009,69.8,45.3,44.1,5.6,29.9,0.00
8/23/2009,71.5,45.8,42.6,5.6,29.7,0.00
8/24/2009,68.0,54.0,64.0,4.0,29.4,0.00
8/25/2009,66.1,56.5,75.1,5.5,29.5,0.00
8/26/2009,67.0,51.7,61.0,7.4,29.6,0.00
8/27/2009,68.2,57.6,70.0,7.7,29.7,0.00
8/28/2009,66.2,47.9,54.6,12.6,29.7,0.00
8/29/2009,62.5,46.0,58.6,9.1,29.9,0.00
8/30/2009,62.7,45.5,57.8,4.4,29.8,0.00
8/31/2009,69.9,44.6,45.7,5.6,29.6,0.00
9/1/2009,66.7,56.9,72.2,7.3,29.5,0.00
9/2/2009,62.3,52.5,71.0,10.1,29.6,0.00
9/3/2009,62.3,52.3,72.0,14.1,29.4,0.00
9/4/2009,57.2,51.0,80.5,9.6,29.5,0.00
9/5/2009,57.4,47.9,72.4,8.1,29.9,0.00
9/6/2009,58.9,49.0,72.8,3.4,29.9,0.00
9/7/2009,63.4,52.5,70.8,2.9,29.8,0.00
9/8/2009,67.3,54.0,68.0,3.4,29.8,0.00
9/9/2009,65.4,57.0,75.4,7.1,29.9,0.00
9/10/2009,64.6,55.3,73.9,13.7,30.0,0.00
9/11/2009,61.7,49.4,65.4,15.1,30.1,0.00
9/12/2009,61.3,48.7,65.1,14.5,29.9,0.00
9/13/2009,59.9,49.4,69.5,12.1,29.9,0.00
9/14/2009,58.9,50.4,74.2,12.5,29.8,0.00
9/15/2009,57.0,49.2,77.1,9.8,29.6,0.00
9/16/2009,60.3,53.4,78.7,13.3,29.6,0.00
9/17/2009,62.0,54.6,77.0,13.3,29.6,0.00
9/18/2009,66.0,56.6,73.1,8.7,29.6,0.00
9/19/2009,66.2,56.2,72.6,4.2,29.6,0.00
9/20/2009,64.8,57.4,78.6,5.3,29.8,0.00
9/21/2009,64.2,55.9,76.4,6.0,29.9,0.00
9/22/2009,62.5,52.9,74.2,3.9,30.0,0.00
9/23/2009,59.5,50.4,74.3,4.4,30.0,0.00
9/24/2009,60.6,55.2,83.6,4.7,29.9,0.00
9/25/2009,59.8,46.8,64.8,7.8,29.9,0.00
9/26/2009,59.3,45.9,63.9,6.8,29.9,0.00
9/27/2009,60.5,47.0,64.3,5.0,29.9,0.00
9/28/2009,60.8,49.4,68.5,5.1,29.9,0.00
9/29/2009,61.3,51.7,72.4,4.4,29.9,0.00
9/30/2009,60.0,53.3,79.2,3.3,29.7,0.00
10/1/2009,60.2,50.0,70.3,6.0,29.7,0.00
10/2/2009,54.6,45.5,73.6,6.0,29.8,0.00
10/3/2009,52.9,42.8,71.1,8.1,29.7,0.00
10/4/2009,58.9,46.6,64.1,8.7,29.6,0.00
10/5/2009,59.9,54.1,81.6,8.3,29.6,0.00
10/6/2009,64.6,61.2,89.2,5.7,29.6,0.00
10/7/2009,66.8,61.0,82.8,6.4,29.5,0.00
10/8/2009,64.1,59.6,86.5,6.0,29.6,0.00
10/9/2009,59.9,57.1,90.6,6.3,29.7,0.00
10/10/2009,60.3,54.6,83.1,8.6,29.7,0.00
10/11/2009,55.5,51.8,88.3,7.9,29.7,0.00
10/12/2009,55.9,47.6,75.2,10.1,29.9,0.00
10/13/2009,51.8,44.8,78.8,5.1,30.1,0.00
10/14/2009,50.4,31.6,62.2,10.4,30.0,0.00
10/15/2009,42.6,22.2,68.4,10.0,30.1,0.00
10/16/2009,46.7,40.5,79.8,8.5,30.0,0.00
10/17/2009,49.5,42.6,76.9,7.8,30.0,0.00
10/18/2009,45.3,37.4,76.0,4.2,29.9,0.00
10/19/2009,41.3,21.3,74.9,4.9,29.7,0.00
10/20/2009,48.5,36.3,72.1,5.5,29.3,0.00
10/21/2009,54.3,48.9,83.7,5.1,29.1,0.00
10/22/2009,53.3,48.7,86.1,5.0,29.2,0.00
10/23/2009,52.9,49.9,90.5,6.7,29.5,0.00
10/24/2009,58.5,56.7,93.9,8.3,29.6,0.00
10/25/2009,53.1,49.3,88.0,6.1,29.7,0.00
10/26/2009,50.9,45.9,84.2,5.6,29.8,0.00
10/27/2009,48.6,43.7,85.7,3.5,29.8,0.00
10/28/2009,49.5,44.8,85.8,2.0,29.8,0.00
10/29/2009,50.4,47.3,89.7,4.7,29.8,0.00
10/30/2009,46.7,45.3,94.6,5.6,29.9,0.00
10/31/2009,50.8,47.9,90.6,3.7,29.9,0.00
10/1/2009,55.0,55.0,100.0,4.0,29.9,0.00
11/1/2009,57.7,56.0,94.3,9.6,29.5,0.00
11/2/2009,48.5,44.8,86.9,9.0,29.3,0.00
11/3/2009,50.2,48.5,93.5,11.1,29.1,0.00
11/4/2009,48.5,43.2,81.5,13.2,29.0,0.00
11/5/2009,47.4,43.6,86.5,10.4,29.1,0.00
11/6/2009,46.4,42.5,86.1,8.8,29.4,0.00
11/7/2009,46.1,42.8,87.8,9.0,28.6,0.00
11/8/2009,43.6,40.6,89.3,8.2,29.3,0.00
11/9/2009,43.5,39.4,85.9,9.1,29.6,0.00
11/10/2009,42.0,39.6,91.2,4.7,29.6,0.00
11/11/2009,41.9,39.5,91.8,5.5,29.5,0.00
11/12/2009,50.4,47.6,90.7,7.0,29.4,0.00
11/13/2009,58.3,51.0,76.8,9.6,29.4,0.00
11/14/2009,56.2,47.1,72.6,15.9,29.4,0.00
11/15/2009,53.3,47.5,81.9,8.3,29.5,0.00
11/16/2009,55.6,52.8,90.0,9.7,29.4,0.00
11/17/2009,51.0,48.8,93.3,7.2,29.6,0.00
11/18/2009,50.7,46.7,87.0,10.9,29.8,0.00
11/19/2009,48.7,45.7,90.0,6.5,29.8,0.00
11/20/2009,53.3,48.7,83.7,6.9,29.8,0.00
11/21/2009,57.3,49.6,77.3,6.4,29.8,0.00
11/22/2009,52.6,47.1,82.2,15.7,29.6,0.00
11/23/2009,52.0,47.6,84.8,17.8,29.5,0.00
11/24/2009,55.6,50.9,83.7,14.4,29.7,0.00
11/25/2009,49.7,45.4,85.0,13.0,29.5,0.00
11/26/2009,48.8,44.4,84.7,14.9,29.5,0.00
11/27/2009,47.7,41.4,78.8,14.8,29.4,0.00
11/28/2009,48.6,44.0,84.5,16.9,29.3,0.00
11/29/2009,48.0,40.8,76.5,14.0,29.0,0.00
11/30/2009,42.8,39.7,89.6,7.5,29.1,0.00
12/1/2009,43.8,38.1,81.2,9.0,29.5,0.00
12/2/2009,44.1,41.1,88.8,10.9,29.4,0.00
12/3/2009,46.6,42.1,84.3,13.0,29.3,0.00
12/4/2009,41.2,33.8,84.3,7.3,29.5,0.00
12/5/2009,49.3,46.8,91.7,13.8,29.4,0.00
12/6/2009,51.5,46.6,84.3,13.5,29.4,0.00
12/7/2009,44.6,42.7,93.2,8.4,29.4,0.00
12/8/2009,43.9,40.0,87.0,8.5,29.6,0.00
12/9/2009,51.3,50.5,96.3,5.4,29.8,0.00
12/10/2009,48.5,44.7,87.1,6.8,30.0,0.00
12/11/2009,42.5,37.9,86.2,8.8,30.0,0.00
12/12/2009,39.4,32.1,82.7,13.1,29.9,0.00
12/13/2009,34.9,24.1,81.3,13.8,29.8,0.00
12/14/2009,31.2,21.9,68.8,14.4,29.7,0.00
12/15/2009,29.3,20.2,69.9,9.9,29.7,0.00
12/16/2009,28.8,20.5,71.8,4.7,29.6,0.00
12/17/2009,23.1,22.7,91.2,4.3,29.4,0.00
12/18/2009,26.1,19.6,85.9,10.0,29.4,0.00
12/19/2009,25.3,17.9,74.5,5.0,29.5,0.00
12/20/2009,29.0,23.6,93.6,8.2,29.3,0.00
12/21/2009,27.7,19.4,96.0,4.0,29.1,0.00
12/22/2009,35.7,34.5,95.4,4.3,28.9,0.00
12/23/2009,35.4,25.7,96.0,4.5,29.1,0.00
12/24/2009,36.7,27.3,97.4,5.1,28.8,0.00
12/25/2009,39.8,30.9,85.3,11.7,29.2,0.00
12/26/2009,35.0,18.0,89.4,6.3,29.4,0.00
12/27/2009,39.7,32.2,83.8,10.6,29.4,0.00
12/28/2009,37.2,34.1,93.1,4.9,29.3,0.00
12/29/2009,47.1,45.3,94.2,8.4,29.1,0.00
12/30/2009,50.0,46.8,89.9,9.3,29.0,0.00
12/31/2009,42.0,37.9,93.2,8.0,29.0,0.00
1/1/2010,32.1,22.5,83.8,10.8,29.2,0.00
1/2/2010,30.5,27.1,88.2,6.2,29.7,0.00
1/3/2010,30.9,26.0,89.0,5.5,29.8,0.00
1/4/2010,23.3,18.7,83.0,8.2,29.7,0.00
1/5/2010,24.6,20.1,83.4,3.0,29.4,0.00
1/6/2010,25.9,23.4,91.3,5.8,29.3,0.00
1/7/2010,23.7,21.2,91.1,6.0,29.4,0.00
1/8/2010,20.1,16.3,86.3,11.1,29.6,0.00
1/9/2010,27.7,23.1,83.1,15.3,29.6,0.00
1/10/2010,28.8,27.3,88.1,4.9,29.6,0.00
1/11/2010,31.6,27.6,85.4,3.0,29.7,0.00
1/12/2010,30.7,26.9,83.9,6.1,29.5,0.00
1/13/2010,32.8,30.2,96.2,5.2,29.2,0.00
1/14/2010,37.4,35.3,91.4,5.0,29.3,0.00
1/15/2010,32.6,30.0,94.2,4.9,29.8,0.00
1/16/2010,39.5,38.1,92.8,9.2,29.6,0.00
1/17/2010,45.1,40.3,83.2,11.2,29.7,0.00
1/18/2010,37.5,33.4,97.2,2.8,30.0,0.00
1/19/2010,34.8,27.1,96.7,7.2,29.8,0.00
1/20/2010,35.9,22.6,95.2,7.2,29.6,0.00
1/21/2010,40.2,36.5,86.2,5.8,29.8,0.00
1/22/2010,41.6,36.9,84.2,6.5,29.8,0.00
1/23/2010,37.8,34.8,89.8,4.1,29.8,0.00
1/24/2010,39.1,36.9,91.2,4.2,29.9,0.00
1/25/2010,38.1,27.4,85.3,6.1,30.0,0.00
1/26/2010,31.0,24.9,83.0,12.7,30.2,0.00
1/27/2010,29.0,20.5,72.1,8.7,30.1,0.00
1/28/2010,38.6,33.3,87.8,7.8,29.6,0.00
1/29/2010,38.9,35.5,89.7,12.2,29.0,0.00
1/30/2010,31.3,26.5,83.2,8.2,29.2,0.00
1/31/2010,31.8,26.1,80.2,7.7,29.4,0.00
2/1/2010,34.1,25.0,82.5,8.9,29.6,0.00
2/2/2010,38.0,28.8,91.9,11.7,29.6,0.00
2/3/2010,46.8,43.3,86.4,12.8,29.5,0.00
2/4/2010,43.5,37.3,79.7,5.9,29.5,0.00
2/5/2010,46.7,42.0,83.8,8.8,29.3,0.00
2/6/2010,43.6,41.4,92.1,7.5,29.5,0.00
2/7/2010,39.7,27.5,83.2,7.2,29.8,0.00
2/8/2010,37.0,31.3,85.3,5.7,29.4,0.00
2/9/2010,30.2,26.3,86.0,11.3,29.4,0.00
2/10/2010,27.8,22.9,85.2,9.6,29.5,0.00
2/11/2010,26.8,22.5,84.0,16.4,29.6,0.00
2/12/2010,27.7,21.3,77.8,12.8,29.7,0.00
2/13/2010,26.6,21.2,81.0,9.3,29.7,0.00
2/14/2010,30.4,21.6,71.0,5.8,29.6,0.00
2/15/2010,31.7,25.6,78.1,6.8,29.4,0.00
2/16/2010,29.7,22.0,74.6,5.0,29.2,0.00
2/17/2010,34.9,32.0,94.3,3.1,28.9,0.00
2/18/2010,40.7,37.6,89.6,9.4,29.1,0.00
2/19/2010,39.7,27.6,78.5,8.4,29.1,0.00
2/20/2010,35.1,17.6,90.8,5.9,29.2,0.00
2/21/2010,39.9,31.8,86.5,6.5,29.1,0.00
2/22/2010,48.9,42.4,79.5,12.8,28.9,0.00
2/23/2010,50.3,46.6,87.9,11.7,29.0,0.00
2/24/2010,47.6,44.4,88.2,11.7,29.1,0.00
2/25/2010,49.0,46.3,89.4,12.3,29.0,0.00
2/26/2010,47.0,36.5,72.6,17.6,29.1,0.00
2/27/2010,46.2,37.7,75.3,9.2,29.2,0.00
2/28/2010,46.8,38.4,79.0,19.8,28.9,0.00
3/1/2010,41.9,17.9,72.7,4.6,29.5,0.00
3/2/2010,45.1,34.4,70.7,9.2,29.8,0.00
3/3/2010,42.4,25.6,52.9,14.5,29.7,0.00
3/4/2010,39.7,23.8,53.5,16.3,29.7,0.00
3/5/2010,34.8,25.9,71.8,7.7,30.0,0.00
3/6/2010,36.7,24.4,70.0,11.6,29.9,0.00
3/7/2010,32.2,15.7,52.1,19.3,29.9,0.00
3/8/2010,33.6,15.3,49.6,17.8,29.9,0.00
3/9/2010,33.1,17.2,54.5,17.7,29.8,0.00
3/10/2010,36.3,15.2,43.5,18.9,29.8,0.00
3/11/2010,36.0,25.6,67.5,12.8,29.7,0.00
3/12/2010,36.4,22.6,74.7,5.0,29.8,0.00
3/13/2010,41.8,22.6,72.8,6.1,30.0,0.00
3/14/2010,42.4,24.0,67.8,7.0,30.0,0.00
3/15/2010,44.2,28.7,71.8,7.0,30.0,0.00
3/16/2010,44.2,21.0,66.8,3.9,30.0,0.00
3/17/2010,48.3,25.0,55.0,4.2,29.9,0.00
3/18/2010,53.8,14.7,46.3,6.2,29.8,0.00
3/19/2010,58.9,44.6,60.0,9.4,29.7,0.00
3/20/2010,56.7,54.0,90.1,11.0,29.5,0.00
3/21/2010,50.9,45.1,80.5,11.1,29.7,0.00
3/22/2010,49.1,41.5,77.1,3.2,29.8,0.00
3/23/2010,50.0,42.0,75.8,4.5,29.7,0.00
3/24/2010,55.5,44.1,67.2,5.3,29.4,0.00
3/25/2010,56.6,46.2,68.7,8.8,29.3,0.00
3/26/2010,49.7,43.2,78.2,11.5,29.4,0.00
3/27/2010,49.1,43.4,81.3,10.1,29.4,0.00
3/28/2010,50.4,47.4,89.3,8.3,29.6,0.00
3/29/2010,55.4,49.4,82.2,9.3,29.3,0.00
3/30/2010,49.4,43.9,82.0,10.7,29.1,0.00
3/31/2010,45.2,30.8,69.2,17.1,29.2,0.00
4/1/2010,43.7,26.8,60.2,10.0,29.5,0.00
4/2/2010,44.8,36.3,78.7,9.7,29.5,0.00
4/3/2010,46.8,42.9,85.8,11.0,29.4,0.00
4/4/2010,46.7,36.6,73.2,13.8,29.6,0.00
4/5/2010,44.7,25.3,71.4,5.5,30.0,0.00
4/6/2010,51.9,33.0,59.6,4.9,29.8,0.00
4/7/2010,53.6,43.3,69.7,6.5,29.7,0.00
4/8/2010,51.0,44.0,77.9,11.0,30.0,0.00
4/9/2010,51.7,38.2,62.0,10.8,30.1,0.00
4/10/2010,52.9,40.1,63.3,10.9,30.1,0.00
4/11/2010,48.0,32.0,65.1,15.0,29.9,0.00
4/12/2010,46.2,36.2,69.1,14.1,29.8,0.00
4/13/2010,50.0,41.7,74.8,10.3,29.7,0.00
4/14/2010,49.9,41.5,73.9,9.4,29.7,0.00
4/15/2010,51.0,40.0,68.8,11.0,29.7,0.00
4/16/2010,50.7,37.7,62.6,12.8,29.8,0.00
4/17/2010,51.5,34.6,57.9,7.4,29.8,0.00
4/18/2010,56.0,31.6,50.3,3.7,29.6,0.00
4/19/2010,56.9,31.3,49.6,5.0,29.6,0.00
4/20/2010,54.3,35.5,53.2,6.6,29.7,0.00
4/21/2010,50.5,26.8,53.3,5.6,29.7,0.00
4/22/2010,50.7,20.9,48.8,11.2,29.6,0.00
4/23/2010,54.5,24.2,39.7,8.5,29.6,0.00
4/24/2010,59.3,24.1,39.8,3.2,29.7,0.00
4/25/2010,59.3,44.9,61.3,5.7,29.8,0.00
4/26/2010,56.3,45.9,69.4,7.3,30.0,0.00
4/27/2010,56.9,43.6,64.2,4.6,30.0,0.00
4/28/2010,62.0,43.7,57.0,4.0,29.9,0.00
4/29/2010,66.1,49.8,58.3,6.7,29.6,0.00
4/30/2010,58.2,46.5,67.1,8.4,29.6,0.00
5/1/2010,54.3,44.0,69.1,5.0,29.5,0.00
5/2/2010,53.5,44.2,73.0,9.0,29.5,0.00
5/3/2010,45.8,38.8,77.2,14.7,29.6,0.00
5/4/2010,47.5,31.1,63.3,18.7,29.8,0.00
5/5/2010,47.7,32.9,62.3,18.1,29.6,0.00
5/6/2010,50.3,33.4,60.4,13.2,29.4,0.00
5/7/2010,48.9,33.9,64.6,6.4,29.4,0.00
5/8/2010,52.2,41.9,70.2,7.0,29.4,0.00
5/9/2010,55.7,45.5,70.5,7.8,29.4,0.00
5/10/2010,52.7,46.3,79.0,10.4,29.4,0.00
5/11/2010,44.7,41.5,89.1,12.8,29.4,0.00
5/12/2010,45.7,38.0,75.9,9.8,29.5,0.00
5/13/2010,46.5,39.1,76.4,6.7,29.6,0.00
5/14/2010,48.0,41.7,78.7,3.9,29.6,0.00
5/15/2010,52.3,32.3,59.6,7.4,29.6,0.00
5/16/2010,52.9,39.5,63.5,7.7,29.7,0.00
5/17/2010,57.0,42.9,61.4,8.7,29.9,0.00
5/18/2010,54.9,39.3,59.7,4.3,30.0,0.00
5/19/2010,57.3,32.9,48.3,8.2,30.0,0.00
5/20/2010,60.3,40.9,51.1,9.3,30.1,0.00
5/21/2010,63.9,49.1,61.3,9.6,30.0,0.00
5/22/2010,65.9,48.3,55.7,11.4,29.9,0.00
5/23/2010,67.8,48.6,53.4,7.7,29.8,0.00
5/24/2010,71.2,50.7,53.6,3.3,29.6,0.00
5/25/2010,70.1,55.6,63.0,6.1,29.5,0.00
5/26/2010,64.2,56.2,75.9,9.6,29.4,0.00
5/27/2010,58.5,55.6,90.5,4.8,29.5,0.00
5/28/2010,59.6,44.6,62.4,5.9,29.6,0.00
5/29/2010,57.8,48.6,72.7,9.0,29.7,0.00
5/30/2010,58.4,53.3,82.8,10.9,29.6,0.00
5/31/2010,57.8,46.9,67.9,9.6,29.7,0.00
6/1/2010,55.0,50.7,85.6,3.1,29.7,0.00
6/2/2010,60.9,51.3,73.9,9.0,29.7,0.00
6/3/2010,65.2,49.9,58.9,9.7,29.8,0.00
6/4/2010,70.7,52.1,53.6,4.1,29.8,0.00
6/5/2010,72.1,55.3,59.9,3.2,29.7,0.00
6/6/2010,67.5,58.8,74.0,6.5,29.6,0.00
6/7/2010,62.7,51.6,69.6,6.4,29.6,0.00
6/8/2010,65.3,55.2,70.4,8.7,29.4,0.00
6/9/2010,62.4,59.5,90.2,4.2,29.3,0.00
6/10/2010,65.0,62.2,91.3,7.3,29.3,0.00
6/11/2010,68.7,57.0,70.3,5.7,29.4,0.00
6/12/2010,63.4,57.1,81.5,8.7,29.6,0.00
6/13/2010,60.4,49.1,67.4,5.6,29.7,0.00
6/14/2010,61.8,53.1,73.0,5.8,29.6,0.00
6/15/2010,62.3,53.3,73.3,14.7,29.7,0.00
6/16/2010,61.5,47.5,61.1,17.5,29.7,0.00
6/17/2010,62.0,50.1,65.4,10.3,29.6,0.00
6/18/2010,62.1,52.8,71.6,10.0,29.7,0.00
6/19/2010,56.0,44.9,68.2,11.7,29.6,0.00
6/20/2010,54.1,43.8,67.8,12.2,29.7,0.00
6/21/2010,56.9,45.2,65.7,8.4,29.9,0.00
6/22/2010,63.0,47.3,60.6,7.1,29.9,0.00
6/23/2010,67.0,50.6,59.1,6.0,29.8,0.00
6/24/2010,70.9,51.0,52.1,5.6,29.8,0.00
6/25/2010,71.3,52.3,53.5,5.1,29.7,0.00
6/26/2010,74.3,54.5,53.0,4.8,29.6,0.00
6/27/2010,77.2,55.2,49.5,4.7,29.7,0.00
6/28/2010,75.6,58.1,57.1,6.8,29.8,0.00
6/29/2010,73.8,52.5,52.3,7.0,29.8,0.00
6/30/2010,73.9,49.7,45.8,2.9,29.8,0.00
7/1/2010,78.8,55.4,47.9,5.7,29.6,0.00
7/2/2010,79.8,61.3,54.8,5.9,29.6,0.00
7/3/2010,70.0,65.1,85.3,6.1,29.7,0.00
7/4/2010,70.3,51.5,53.7,5.8,29.9,0.00
7/5/2010,68.8,55.9,64.2,7.6,29.8,0.00
7/6/2010,66.7,49.5,57.2,5.0,29.9,0.00
7/7/2010,71.7,50.9,51.0,2.8,29.8,0.00
7/8/2010,77.3,52.4,46.7,2.8,29.7,0.00
7/9/2010,78.6,63.0,60.4,4.6,29.7,0.00
7/10/2010,75.2,62.3,64.8,4.8,29.7,0.00
7/11/2010,77.2,59.8,59.4,6.5,29.7,0.00
7/12/2010,72.7,61.5,71.1,6.7,29.6,0.00
7/13/2010,73.3,58.0,60.7,9.7,29.5,0.00
7/14/2010,66.8,59.4,78.0,8.6,29.4,0.00
7/15/2010,66.8,52.0,62.0,12.9,29.6,0.00
7/16/2010,67.9,55.9,65.2,9.7,29.6,0.00
7/17/2010,65.4,50.5,61.0,8.5,29.8,0.00
7/18/2010,65.6,45.4,51.9,3.9,30.0,0.00
7/19/2010,71.6,48.7,47.1,3.9,29.8,0.00
7/20/2010,76.1,54.2,49.4,4.1,29.6,0.00
7/21/2010,67.6,57.6,70.6,8.2,29.5,0.00
7/22/2010,68.0,53.5,62.6,7.9,29.6,0.00
7/23/2010,66.1,54.2,66.2,8.2,29.7,0.00
7/24/2010,65.4,52.6,66.6,4.1,29.9,0.00
7/25/2010,67.0,55.0,65.7,4.2,29.7,0.00
7/26/2010,67.5,59.0,75.7,6.7,29.7,0.00
7/27/2010,69.8,62.4,78.5,3.7,29.7,0.00
7/28/2010,72.3,57.2,61.3,9.0,29.7,0.00
7/29/2010,65.1,52.0,64.7,8.5,29.6,0.00
7/30/2010,65.9,51.2,62.2,4.3,29.6,0.00
7/31/2010,73.5,55.9,55.5,5.4,29.6,0.00
8/1/2010,68.2,55.7,65.3,6.6,29.6,0.00
8/2/2010,65.9,57.3,75.7,5.5,29.7,0.00
8/3/2010,65.7,53.3,67.5,6.3,29.7,0.00
8/4/2010,65.7,55.3,70.6,8.1,29.5,0.00
8/5/2010,63.6,49.8,64.3,10.0,29.6,0.00
8/6/2010,62.3,49.5,66.3,4.2,29.7,0.00
8/7/2010,66.9,55.1,67.3,7.0,29.7,0.00
8/8/2010,65.9,56.5,74.6,6.1,29.8,0.00
8/9/2010,69.7,54.2,61.5,4.0,29.7,0.00
8/10/2010,67.7,56.3,69.2,7.7,29.6,0.00
8/11/2010,66.0,62.3,88.0,7.2,29.6,0.00
8/12/2010,64.2,52.4,67.2,7.3,29.7,0.00
8/13/2010,62.6,52.4,69.8,6.0,29.7,0.00
8/14/2010,61.5,52.7,74.8,3.8,29.7,0.00
8/15/2010,59.5,56.6,91.4,7.7,29.6,0.00
8/16/2010,59.5,55.4,87.3,9.2,29.6,0.00
8/17/2010,62.0,54.3,76.3,9.9,29.6,0.00
8/18/2010,63.6,53.5,72.6,8.7,29.5,0.00
8/19/2010,63.6,51.1,68.1,4.6,29.6,0.00
8/20/2010,71.7,58.0,65.5,5.2,29.7,0.00
8/21/2010,73.3,60.5,66.4,5.3,29.9,0.00
8/22/2010,73.1,62.8,71.8,4.7,29.7,0.00
8/23/2010,70.5,63.4,78.9,10.3,29.4,0.00
8/24/2010,63.6,51.0,65.3,10.1,29.6,0.00
8/25/2010,63.9,53.0,69.2,6.1,29.7,0.00
8/26/2010,71.2,64.5,79.9,7.7,29.5,0.00
8/27/2010,68.7,62.2,80.7,11.3,29.4,0.00
8/28/2010,61.7,49.2,65.5,8.3,29.8,0.00
8/29/2010,59.1,48.8,71.2,10.6,29.8,0.00
8/30/2010,57.4,47.7,72.7,10.5,29.8,0.00
8/31/2010,59.0,47.3,67.8,7.3,29.9,0.00
9/1/2010,61.1,47.3,64.0,9.5,29.7,0.00
9/2/2010,62.9,51.0,67.1,9.4,29.7,0.00
9/3/2010,63.9,52.4,68.0,7.1,29.7,0.00
9/4/2010,63.0,52.2,69.8,6.6,29.8,0.00
9/5/2010,64.3,50.5,62.9,6.0,29.7,0.00
9/6/2010,62.5,53.3,72.2,7.5,29.5,0.00
9/7/2010,63.4,56.6,80.4,5.4,29.3,0.00
9/8/2010,59.4,57.0,92.8,7.1,29.3,0.00
9/9/2010,59.7,55.1,86.1,4.8,29.6,0.00
9/10/2010,61.1,53.4,78.7,5.3,29.8,0.00
9/11/2010,64.3,55.3,75.3,3.8,29.7,0.00
9/12/2010,63.5,54.4,74.7,7.9,29.8,0.00
9/13/2010,59.6,49.3,72.5,5.6,30.0,0.00
9/14/2010,63.9,50.6,63.7,8.3,29.9,0.00
9/15/2010,61.5,51.4,70.9,9.7,29.6,0.00
9/16/2010,59.0,47.6,67.5,8.4,29.6,0.00
9/17/2010,55.8,45.8,72.2,5.9,29.7,0.00
9/18/2010,52.4,40.9,69.2,4.2,29.8,0.00
9/19/2010,53.7,42.8,70.6,4.0,29.8,0.00
9/20/2010,58.3,45.0,64.5,2.8,29.7,0.00
9/21/2010,59.3,47.4,68.9,3.6,29.7,0.00
9/22/2010,61.8,50.3,70.3,2.4,29.7,0.00
9/23/2010,63.5,54.9,74.4,5.2,29.5,0.00
9/24/2010,58.1,54.8,88.7,7.7,29.3,0.00
9/25/2010,54.1,46.0,74.8,11.2,29.5,0.00
9/26/2010,49.3,44.6,84.7,9.4,29.5,0.00
9/27/2010,50.8,46.6,86.6,3.0,29.5,0.00
9/28/2010,54.1,50.9,89.3,3.2,29.7,0.00
9/29/2010,59.6,53.6,81.3,4.3,29.7,0.00
9/30/2010,57.3,51.9,82.5,5.0,29.6,0.00
10/1/2010,54.6,51.5,90.0,8.6,29.5,0.00
10/2/2010,62.6,58.3,86.3,10.0,29.4,0.00
10/3/2010,66.8,56.9,71.5,8.3,29.3,0.00
10/4/2010,62.3,57.8,85.7,5.0,29.1,0.00
10/5/2010,58.4,56.5,93.9,7.8,29.4,0.00
10/6/2010,61.0,56.6,86.3,5.3,29.5,0.00
10/7/2010,62.9,57.3,83.6,5.6,29.6,0.00
10/8/2010,63.2,57.3,82.6,4.6,29.6,0.00
10/9/2010,64.0,57.9,82.2,4.3,29.5,0.00
10/10/2010,58.9,51.7,78.2,9.2,29.4,0.00
10/11/2010,57.1,39.5,54.1,14.6,29.5,0.00
10/12/2010,52.9,41.0,65.5,10.7,29.6,0.00
10/13/2010,48.7,41.2,76.0,12.6,29.6,0.00
10/14/2010,49.0,41.5,76.4,9.8,29.7,0.00
10/15/2010,51.2,45.5,81.2,6.0,29.7,0.00
10/16/2010,50.7,45.2,82.7,10.4,29.6,0.00
10/17/2010,43.3,36.8,78.8,11.9,29.8,0.00
10/18/2010,47.5,37.0,70.7,5.7,29.9,0.00
10/19/2010,51.0,47.0,86.7,10.3,29.6,0.00
10/20/2010,46.1,31.8,74.3,9.5,29.7,0.00
10/21/2010,38.9,27.5,75.1,3.0,29.9,0.00
10/22/2010,39.4,27.0,80.9,1.7,29.8,0.00
10/23/2010,42.4,32.9,87.8,7.8,29.5,0.00
10/24/2010,45.3,40.8,85.0,6.5,29.6,0.00
10/25/2010,45.0,37.4,76.3,8.8,29.9,0.00
10/26/2010,42.6,32.7,76.5,4.3,30.0,0.00
10/27/2010,49.6,34.3,61.4,7.3,29.9,0.00
10/28/2010,50.5,46.3,86.7,6.7,29.8,0.00
10/29/2010,53.2,44.7,74.0,6.1,29.4,0.00
10/30/2010,53.3,49.4,87.9,7.8,29.3,0.00
10/31/2010,53.1,48.8,86.3,4.1,29.1,0.00
10/1/2010,48.0,46.0,93.0,5.5,29.3,0.00
11/1/2010,51.3,47.0,86.6,7.7,29.5,0.00
11/2/2010,48.7,47.6,96.3,6.4,29.7,0.00
11/3/2010,56.8,53.4,88.8,9.5,29.7,0.00
11/4/2010,59.3,55.2,87.3,10.1,29.9,0.00
11/5/2010,57.7,49.9,75.6,9.8,30.0,0.00
11/6/2010,53.6,50.5,89.6,7.8,29.7,0.00
11/7/2010,45.5,44.2,94.8,5.8,29.3,0.00
11/8/2010,41.0,39.7,95.4,10.1,28.6,0.00
11/9/2010,46.7,45.5,95.2,6.8,28.4,0.00
11/10/2010,44.2,41.3,88.8,8.4,29.0,0.00
11/11/2010,44.2,36.9,93.4,14.1,29.3,0.00
11/12/2010,55.1,49.8,82.8,16.0,29.3,0.00
11/13/2010,57.6,54.2,88.4,18.0,29.2,0.00
11/14/2010,54.5,49.3,82.1,11.9,29.2,0.00
11/15/2010,46.2,44.0,91.7,2.2,29.6,0.00
11/16/2010,43.5,40.6,90.2,2.3,29.8,0.00
11/17/2010,39.8,37.4,92.1,5.5,29.5,0.00
11/18/2010,43.7,41.7,92.3,6.3,29.4,0.00
11/19/2010,43.4,42.9,98.0,5.2,29.6,0.00
11/20/2010,45.1,41.1,86.5,6.2,29.5,0.00
11/21/2010,43.0,41.4,94.6,8.3,29.4,0.00
11/22/2010,39.8,36.4,87.1,7.2,29.3,0.00
11/23/2010,38.6,34.5,89.5,5.3,29.5,0.00
11/24/2010,40.3,37.1,89.2,6.8,29.5,0.00
11/25/2010,36.4,28.9,92.6,5.7,29.4,0.00
11/26/2010,19.2,17.2,93.0,8.0,29.4,0.00
11/27/2010,31.6,28.1,88.1,6.1,29.3,0.00
11/28/2010,32.5,28.1,87.7,4.5,29.3,0.00
11/29/2010,30.5,23.0,91.9,5.1,29.4,0.00
11/30/2010,26.7,24.3,90.4,7.3,29.4,0.00
